date,Friday,Monday,Saturday,Sunday,Thursday,Tuesday,Wednesday,temperature,pressure,humidity,dc_output,ac_output,energy_kWh
2015-08-21,1,0,0,0,0,0,0,425.2000000000001,2432.25,1583.0,23120.633,22185.822999999997,12.390000000000006
2015-08-22,0,0,1,0,0,0,0,429.2,2442.6699999999996,1619.0,18427.221,17649.854999999996,10.739999999999998
2015-08-23,0,0,0,1,0,0,0,431.09999999999997,2432.7000000000003,1719.0,19322.492000000002,18509.221,5.209999999999997
2015-08-24,0,1,0,0,0,0,0,416.2,2436.93,1711.0,23478.285999999996,22534.101,6.359999999999999
2015-08-25,0,0,0,0,0,1,0,396.00000000000006,2440.9,1637.0,20239.409,19413.847999999998,6.429999999999998
2015-08-26,0,0,0,0,0,0,1,415.2,2436.379999999999,1674.0,22462.045,21538.395999999997,6.359999999999998
2015-08-27,0,0,0,0,1,0,0,478.1000000000001,2437.4200000000005,1514.0,18510.716,17706.981,6.399999999999999
2015-08-28,1,0,0,0,0,0,0,442.7,2428.689999999999,1826.0,16195.464999999998,15489.479999999998,17.55
2015-08-29,0,0,1,0,0,0,0,422.10000000000014,2402.75,1927.0,15526.313,14817.255000000001,10.830000000000002
2015-08-30,0,0,0,1,0,0,0,388.9,2422.54,1871.0,9320.089,8821.347,13.55
2015-08-31,0,1,0,0,0,0,0,363.40000000000003,2423.1400000000003,2134.0,21093.149,20220.554999999997,23.029999999999998
2015-09-01,0,0,0,0,0,1,0,362.19999999999993,2419.2599999999998,2007.0,20371.868000000006,19531.977000000003,14.180000000000001
2015-09-02,0,0,0,0,0,0,1,321.6,2424.76,1838.0,15397.235,14708.486000000003,21.34
2015-09-03,0,0,0,0,1,0,0,304.59999999999997,2435.5099999999998,1926.0,18584.671,17802.828999999998,16.009999999999998
2015-09-04,1,0,0,0,0,0,0,311.80000000000007,2437.9,1954.0,5114.624999999999,4733.233,9.38
2015-09-05,0,0,1,0,0,0,0,330.79999999999995,2440.96,1827.0,21824.219,20926.124,16.44
2015-09-06,0,0,0,1,0,0,0,336.5,2446.69,1852.0,16833.804,16126.993999999999,18.29
2015-09-07,0,1,0,0,0,0,0,374.0,2451.14,1780.0,23202.987,22272.894000000004,16.07
2015-09-08,0,0,0,0,0,1,0,392.50000000000006,2443.7599999999993,2008.0,16261.939,15551.399999999998,18.969999999999995
2015-09-09,0,0,0,0,0,0,1,402.0,2340.31,1845.0,19137.22,18333.060999999998,14.230000000000002
2015-09-10,0,0,0,0,1,0,0,398.69999999999993,2444.4900000000002,2086.0,12240.568000000001,11667.13,13.27
2015-09-11,1,0,0,0,0,0,0,414.2000000000001,2440.7199999999993,2082.0,14555.795,13909.029999999999,8.86
2015-09-12,0,0,1,0,0,0,0,414.29999999999995,2436.11,2004.0,11678.946,11132.284999999998,23.440000000000005
2015-09-13,0,0,0,1,0,0,0,376.8,2429.55,1640.0,14293.655999999999,13666.160999999998,16.05
2015-09-14,0,1,0,0,0,0,0,307.00000000000006,2420.2999999999997,1838.0,11022.957,10470.951,13.87
2015-09-15,0,0,0,0,0,1,0,319.5,2419.93,1686.0,6245.456,5863.156,24.530000000000005
2015-09-16,0,0,0,0,0,0,1,346.69999999999993,2423.31,1581.0,4187.874,3859.234,12.660000000000002
2015-09-17,0,0,0,0,1,0,0,343.59999999999997,2430.4,1908.0,8269.346,7826.812999999999,17.009999999999998
2015-09-18,1,0,0,0,0,0,0,349.09999999999997,2443.14,2031.0,5534.773999999999,5177.004,20.610000000000003
2015-09-19,0,0,1,0,0,0,0,363.00000000000006,2434.0999999999995,2185.0,10456.168,9958.677,18.7
2015-09-20,0,0,0,1,0,0,0,381.0999999999998,2422.1000000000004,2004.0,16805.262,16095.159,24.580000000000002
2015-09-21,0,1,0,0,0,0,0,299.4,2439.91,1865.0,21526.917999999998,20677.802000000003,17.820000000000004
2015-09-22,0,0,0,0,0,1,0,286.79999999999995,2436.7200000000003,1893.0,3870.088,3548.404,17.419999999999998
2015-09-23,0,0,0,0,0,0,1,315.09999999999997,2437.8700000000003,1732.0,8893.315999999999,8441.600999999999,15.930000000000001
2015-09-24,0,0,0,0,1,0,0,345.29999999999995,2435.6100000000006,1981.0,18396.511,17611.122000000003,37.2
2015-09-25,1,0,0,0,0,0,0,311.0,2441.12,2126.0,12622.195,12025.874,18.78
2015-09-26,0,0,1,0,0,0,0,290.09999999999997,2448.5999999999995,1902.0,7719.067,7277.783,14.409999999999998
2015-09-27,0,0,0,1,0,0,0,260.9999999999999,2451.9299999999994,1994.0,14573.336000000001,13913.328000000001,15.459999999999997
2015-09-28,0,1,0,0,0,0,0,266.99999999999994,2339.43,2032.0,11413.579000000002,10871.44,15.750000000000002
2015-09-29,0,0,0,0,0,1,0,292.50000000000006,2432.6800000000003,2134.0,8123.338000000001,7668.7880000000005,15.059999999999999
2015-09-30,0,0,0,0,0,0,1,300.0,2435.27,2136.0,9225.389,8739.173,15.519999999999998
2015-10-01,0,0,0,0,1,0,0,276.8,2439.38,2272.0,4722.887,4360.704,14.690000000000001
2015-10-02,1,0,0,0,0,0,0,286.4,2447.1099999999997,2242.0,13827.561,13203.912999999999,19.070000000000004
2015-10-03,0,0,1,0,0,0,0,284.9000000000001,2342.45,1895.0,22687.773,21766.317999999996,17.220000000000002
2015-10-04,0,0,0,1,0,0,0,280.0,2434.47,2035.0,21424.524,20548.415999999997,23.200000000000003
2015-10-05,0,1,0,0,0,0,0,272.90000000000003,2429.0899999999992,2048.0,10461.192000000001,9941.577000000001,16.13
2015-10-06,0,0,0,0,0,1,0,314.09999999999997,2434.7799999999997,1938.0,17706.588000000003,16970.517999999996,21.889999999999993
2015-10-07,0,0,0,0,0,0,1,336.30000000000007,2445.8500000000004,2260.0,16278.310000000001,15571.534,16.13
2015-10-08,0,0,0,0,1,0,0,349.99999999999994,2444.86,2228.0,6899.857000000001,6486.432000000001,17.049999999999997
2015-10-09,1,0,0,0,0,0,0,383.4000000000001,2427.2000000000007,2034.0,4469.273,4118.790000000001,14.640000000000002
2015-10-10,0,0,1,0,0,0,0,375.7,2409.1899999999996,2085.0,4069.512,3736.994,19.32
2015-10-11,0,0,0,1,0,0,0,311.09999999999997,2444.65,1847.0,17820.610999999997,17062.61,18.45
2015-10-12,0,1,0,0,0,0,0,294.2,2442.77,2086.0,14901.572000000002,14240.217,27.01
2015-10-13,0,0,0,0,0,1,0,279.59999999999997,2455.82,2149.0,4465.186000000001,4127.866999999999,15.229999999999999
2015-10-14,0,0,0,0,0,0,1,247.00000000000003,2456.3600000000006,2214.0,15312.461999999998,14657.410999999998,19.22
2015-10-15,0,0,0,0,1,0,0,251.0,2443.2600000000007,2186.0,5026.155,4678.147000000001,17.3
2015-10-16,1,0,0,0,0,0,0,264.2,2431.23,2186.0,12222.225,11652.66,19.669999999999998
2015-10-17,0,0,1,0,0,0,0,305.00000000000006,2427.2000000000003,2191.0,3154.91,2854.1989999999996,24.800000000000004
2015-10-18,0,0,0,1,0,0,0,322.9,2435.129999999999,2235.0,3467.896,3168.57,18.91
2015-10-19,0,1,0,0,0,0,0,302.19999999999993,2436.66,2296.0,3318.8529999999996,3024.326,21.12
2015-10-20,0,0,0,0,0,1,0,287.69999999999993,2456.33,2212.0,7725.567,7311.165999999999,16.960000000000004
2015-10-21,0,0,0,0,0,0,1,257.59999999999997,2448.6400000000003,2209.0,9461.082,8993.740999999998,16.310000000000002
2015-10-22,0,0,0,0,1,0,0,255.59999999999997,2355.06,2040.0,5585.745999999999,5231.232,29.319999999999997
2015-10-23,1,0,0,0,0,0,0,215.9,2451.7000000000003,2138.0,8401.816,7976.264,14.870000000000005
2015-10-24,0,0,1,0,0,0,0,204.0,2435.2199999999993,2170.0,16539.951,15858.525,18.57
2015-10-25,0,0,0,1,0,0,0,265.20000000000005,2416.42,2166.0,9562.505000000003,9089.944000000001,20.89
2015-10-26,0,1,0,0,0,0,0,289.0999999999999,2431.8599999999997,2144.0,3022.314,2740.3399999999997,18.659999999999997
2015-10-27,0,0,0,0,0,1,0,244.79999999999995,2438.4300000000003,2145.0,3115.806,2832.24,17.45
2015-10-28,0,0,0,0,0,0,1,254.60000000000002,2431.0599999999995,2229.0,9143.322999999999,8707.062000000002,19.52
2015-10-29,0,0,0,0,1,0,0,294.2,2434.5200000000004,2199.0,15725.501999999999,15084.462999999998,22.5
2015-10-30,1,0,0,0,0,0,0,284.7,2413.17,2198.0,4847.683,4519.034,21.650000000000006
2015-10-31,0,0,1,0,0,0,0,286.7,2399.82,2088.0,2853.0609999999997,2574.5660000000003,33.88999999999999
2015-11-01,0,0,0,1,0,0,0,223.40000000000003,2509.38,2269.0,1567.6469999999997,1319.162,19.819999999999997
2015-11-02,0,1,0,0,0,0,0,193.8,2430.249999999999,2098.0,1522.6850000000002,1284.657,19.11
2015-11-03,0,0,0,0,0,1,0,152.5,2441.46,2091.0,14529.795000000002,13935.796999999999,18.569999999999997
2015-11-04,0,0,0,0,0,0,1,163.59999999999997,2449.1899999999996,2150.0,12635.588,12089.562,20.1
2015-11-05,0,0,0,0,1,0,0,193.3,2449.81,2154.0,9466.239000000001,9018.242999999999,25.790000000000003
2015-11-06,1,0,0,0,0,0,0,203.80000000000007,2456.3799999999997,2210.0,3615.958,3329.0049999999997,20.259999999999998
2015-11-07,0,0,1,0,0,0,0,245.5,2425.4000000000005,2267.0,7320.286999999999,6925.2699999999995,19.24
2015-11-08,0,0,0,1,0,0,0,189.39999999999998,2422.3500000000004,2224.0,3575.4149999999995,3291.3819999999996,30.819999999999993
2015-11-09,0,1,0,0,0,0,0,172.60000000000005,2434.17,2119.0,4711.736000000001,4388.4130000000005,19.36
2015-11-10,0,0,0,0,0,1,0,134.7,2448.47,2125.0,3017.661,2733.692,15.500000000000004
2015-11-11,0,0,0,0,0,0,1,192.60000000000002,2450.1200000000003,1883.0,9724.795000000002,9257.560000000001,17.29
2015-11-12,0,0,0,0,1,0,0,175.3,2441.87,2112.0,4877.987,4572.847,23.509999999999998
2015-11-13,1,0,0,0,0,0,0,252.99999999999994,2415.359999999999,2225.0,6988.232,6606.936,18.229999999999993
2015-11-14,0,0,1,0,0,0,0,180.8,2416.0,2257.0,1712.1549999999997,1476.9850000000001,22.82
2015-11-15,0,0,0,1,0,0,0,164.79999999999998,2410.5599999999995,1839.0,2350.641,2116.827,22.869999999999997
2015-11-16,0,1,0,0,0,0,0,98.99999999999997,2434.7599999999998,2146.0,4587.534000000001,4284.54,25.560000000000002
2015-11-17,0,0,0,0,0,1,0,202.3,2403.8899999999994,2080.0,8983.793,8563.297,26.13
2015-11-18,0,0,0,0,0,0,1,138.9,2449.5800000000004,1858.0,4989.994000000001,4683.330999999999,19.62
2015-11-19,0,0,0,0,1,0,0,87.1,2454.78,1943.0,8674.027,8264.384,44.61999999999999
2015-11-20,1,0,0,0,0,0,0,36.49999999999999,2479.62,2006.0,12660.975,12145.123,26.560000000000002
2015-11-21,0,0,1,0,0,0,0,40.699999999999996,2469.37,1977.0,8310.423999999999,7930.785999999998,24.23
2015-11-22,0,0,0,1,0,0,0,78.1,2447.34,2013.0,2461.9359999999997,2213.138,22.330000000000005
2015-11-23,0,1,0,0,0,0,0,104.2,2425.6400000000003,2105.0,1539.7100000000003,1354.5500000000002,29.43
2015-11-24,0,0,0,0,0,1,0,90.3,2434.07,1781.0,981.239,807.0699999999999,23.080000000000002
2015-11-25,0,0,0,0,0,0,1,19.2,2463.7599999999998,1821.0,1344.101,1162.512,27.98
2015-11-26,0,0,0,0,1,0,0,30.299999999999994,2474.2799999999997,2029.0,6455.43,6148.134,27.53000000000001
2015-11-27,1,0,0,0,0,0,0,23.900000000000002,2471.09,2199.0,3775.9929999999995,3535.063,26.130000000000006
2015-11-28,0,0,1,0,0,0,0,6.199999999999999,2462.210000000001,2219.0,3503.965,3276.0580000000004,27.25
2015-11-29,0,0,0,1,0,0,0,-13.899999999999999,2454.2700000000004,2292.0,7281.9039999999995,6952.2119999999995,37.56999999999999
2015-11-30,0,1,0,0,0,0,0,16.4,2446.1800000000003,2058.0,1443.416,1260.1860000000001,26.820000000000004
2015-12-01,0,0,0,0,0,1,0,183.39999999999998,2441.98,2023.0,7402.285000000001,7058.040000000001,19.390000000000004
2015-12-02,0,0,0,0,0,0,1,198.90000000000003,2432.2000000000003,2165.0,1671.0510000000002,1483.197,24.090000000000003
2015-12-03,0,0,0,0,1,0,0,242.40000000000006,2392.7099999999996,2041.0,4946.929,4672.842,22.28
2015-12-04,1,0,0,0,0,0,0,181.2,2427.7599999999998,2140.0,1265.1870000000001,1085.485,19.929999999999996
2015-12-05,0,0,1,0,0,0,0,193.9,2426.420000000001,1984.0,7391.037,7055.153,33.82
2015-12-06,0,0,0,1,0,0,0,216.2,2415.4999999999995,2124.0,10277.354,9865.648,19.789999999999996
2015-12-07,0,1,0,0,0,0,0,223.20000000000002,2412.2499999999995,2203.0,3462.048,3236.1110000000003,25.059999999999995
2015-12-08,0,0,0,0,0,1,0,246.69999999999996,2404.65,2108.0,9302.506,8921.601,20.28
2015-12-09,0,0,0,0,0,0,1,205.89999999999998,2402.6,1977.0,2964.0899999999997,2748.943,23.91
2015-12-10,0,0,0,0,1,0,0,194.50000000000006,2375.0300000000007,1946.0,2168.005,1967.4740000000002,17.81
2015-12-11,1,0,0,0,0,0,0,181.20000000000005,2405.59,1913.0,955.6560000000001,781.991,19.44
2015-12-12,0,0,1,0,0,0,0,122.89999999999999,2398.58,2191.0,919.254,746.281,27.94
2015-12-13,0,0,0,1,0,0,0,174.49999999999997,2391.75,1998.0,1715.419,1526.1100000000001,23.939999999999994
2015-12-14,0,1,0,0,0,0,0,120.80000000000001,2444.06,2116.0,843.965,672.432,24.59
2015-12-15,0,0,0,0,0,1,0,102.6,2457.05,2243.0,4749.529,4484.188,22.3
2015-12-16,0,0,0,0,0,0,1,66.99999999999997,2454.2300000000005,1996.0,5636.984,5342.762,26.13
2015-12-17,0,0,0,0,1,0,0,54.50000000000001,2420.96,2026.0,3383.148,3153.233,21.169999999999995
2015-12-18,1,0,0,0,0,0,0,114.09999999999998,2407.77,2166.0,6424.369,6118.725,25.34
2015-12-19,0,0,1,0,0,0,0,132.2,2421.87,2032.0,3187.25,2960.877,16.150000000000002
2015-12-20,0,0,0,1,0,0,0,143.9,2407.55,1998.0,5494.324999999999,5215.666000000001,23.150000000000002
2015-12-21,0,1,0,0,0,0,0,111.79999999999998,2390.8199999999997,2110.0,3268.033,3043.2280000000005,24.830000000000002
2015-12-22,0,0,0,0,0,1,0,70.3,2394.1899999999996,2196.0,1882.977,1690.2250000000001,35.27
2015-12-23,0,0,0,0,0,0,1,93.0,2390.36,2192.0,12635.117999999999,12144.135000000002,24.11
2015-12-24,0,0,0,0,1,0,0,80.1,2408.2599999999998,2218.0,1388.557,1206.197,31.020000000000003
2015-12-25,1,0,0,0,0,0,0,49.6,2453.7099999999996,1882.0,1233.5149999999999,1054.401,35.26
2015-12-26,0,0,1,0,0,0,0,48.400000000000006,2475.6800000000003,2044.0,10043.914,9634.489,33.13
2015-12-27,0,0,0,1,0,0,0,65.5,2444.64,2174.0,4007.0339999999997,3762.96,29.220000000000002
2015-12-28,0,1,0,0,0,0,0,57.50000000000001,2446.5,2202.0,1385.535,1206.498,27.419999999999998
2015-12-29,0,0,0,0,0,1,0,44.69999999999999,2452.2200000000003,2058.0,6743.449999999999,6427.44,20.349999999999998
2015-12-30,0,0,0,0,0,0,1,-18.099999999999998,2472.2300000000005,1983.0,2113.975,1894.185,45.360000000000014
2015-12-31,0,0,0,0,1,0,0,-38.6,2483.1399999999994,2063.0,3806.31,3546.863,31.29
2016-01-01,1,0,0,0,0,0,0,-42.0,2472.29,2188.0,4130.735999999999,3863.141,26.53
2016-01-02,0,0,1,0,0,0,0,-56.2,2455.79,2279.0,13555.077,13020.662999999999,26.23
2016-01-03,0,0,0,1,0,0,0,-34.10000000000001,2439.3,2253.0,14369.589999999998,13807.356,30.609999999999996
2016-01-04,0,1,0,0,0,0,0,27.600000000000005,2419.6200000000003,2188.0,14049.7,13474.96,28.39
2016-01-05,0,0,0,0,0,1,0,38.4,2406.3300000000004,2282.0,13921.015000000001,13354.079,21.689999999999998
2016-01-06,0,0,0,0,0,0,1,106.80000000000001,2409.77,2256.0,1742.731,1531.454,20.52
2016-01-07,0,0,0,0,1,0,0,83.80000000000001,2430.42,2296.0,3454.2659999999996,3188.676,25.73
2016-01-08,1,0,0,0,0,0,0,86.49999999999999,2441.1600000000003,2245.0,5990.694,5664.196,19.7
2016-01-09,0,0,1,0,0,0,0,47.20000000000001,2446.56,2268.0,1811.7829999999997,1595.497,22.73
2016-01-10,0,0,0,1,0,0,0,54.500000000000014,2456.56,2151.0,1137.832,937.8169999999999,24.32
2016-01-11,0,1,0,0,0,0,0,33.800000000000004,2447.34,2219.0,1152.2079999999999,951.489,39.46000000000001
2016-01-12,0,0,0,0,0,1,0,151.79999999999995,2427.6699999999996,2280.0,1910.2230000000002,1689.0919999999996,24.73
2016-01-13,0,0,0,0,0,0,1,146.80000000000004,2412.6600000000003,2278.0,1572.8260000000002,1358.342,20.200000000000003
2016-01-14,0,0,0,0,1,0,0,122.50000000000001,2431.9299999999994,2144.0,1031.291,827.451,25.410000000000004
2016-01-15,1,0,0,0,0,0,0,55.79999999999998,2431.99,2209.0,1826.2390000000003,1603.333,28.259999999999998
2016-01-16,0,0,1,0,0,0,0,157.39999999999998,2415.45,2246.0,985.4930000000002,782.6410000000001,33.480000000000004
2016-01-17,0,0,0,1,0,0,0,194.8,2418.14,2108.0,6354.936,5998.877,27.43
2016-01-18,0,1,0,0,0,0,0,192.6,2428.28,2022.0,9537.596000000001,9096.990000000002,22.83
2016-01-19,0,0,0,0,0,1,0,173.49999999999997,2418.73,2049.0,14153.334999999997,13581.107,20.949999999999996
2016-01-20,0,0,0,0,0,0,1,137.20000000000002,2441.3799999999997,2126.0,9165.468,8739.880000000001,22.200000000000003
2016-01-21,0,0,0,0,1,0,0,189.9,2421.82,2244.0,15387.465,14773.331000000002,23.28
2016-01-22,1,0,0,0,0,0,0,224.7,2415.7799999999997,2205.0,4253.099,3965.1569999999992,18.27
2016-01-23,0,0,1,0,0,0,0,153.29999999999998,2420.21,2222.0,5415.161999999999,5092.977000000001,22.76
2016-01-24,0,0,0,1,0,0,0,156.49999999999997,2443.2900000000004,2136.0,15335.806,14725.309,53.21
2016-01-25,0,1,0,0,0,0,0,151.49999999999997,2456.06,1886.0,9141.141,8719.767,23.02
2016-01-26,0,0,0,0,0,1,0,209.20000000000002,2452.8,2198.0,4955.909000000001,4639.9310000000005,23.669999999999998
2016-01-27,0,0,0,0,0,0,1,263.00000000000006,2443.1400000000003,2187.0,9384.655999999999,8974.151,28.5
2016-01-28,0,0,0,0,1,0,0,229.00000000000003,2423.39,2029.0,4673.355,4393.296,22.82
2016-01-29,1,0,0,0,0,0,0,152.3,2415.7800000000007,2038.0,4937.022,4654.37,21.25
2016-01-30,0,0,1,0,0,0,0,128.4,2425.5700000000006,2018.0,5429.428,5132.535,36.37
2016-01-31,0,0,0,1,0,0,0,109.59999999999998,2437.0099999999998,2152.0,14483.339,13910.698,23.380000000000003
2016-02-01,0,1,0,0,0,0,0,98.7,2449.329999999999,2157.0,8226.162,7854.699,23.080000000000002
2016-02-02,0,0,0,0,0,1,0,110.99999999999999,2453.5399999999995,1964.0,10651.497,10209.954000000002,21.849999999999998
2016-02-03,0,0,0,0,0,0,1,130.2,2442.02,1996.0,11411.935,10941.779000000002,24.940000000000005
2016-02-04,0,0,0,0,1,0,0,163.79999999999998,2456.98,2158.0,10133.477,9694.981,20.98
2016-02-05,1,0,0,0,0,0,0,198.20000000000002,2443.71,1967.0,1927.132,1711.819,21.570000000000004
2016-02-06,0,0,1,0,0,0,0,146.39999999999998,2466.8399999999992,1977.0,1786.157,1573.963,49.58
2016-02-07,0,0,0,1,0,0,0,125.4,2483.159999999999,2109.0,3338.491,3070.393,32.53
2016-02-08,0,1,0,0,0,0,0,163.9,2474.66,2212.0,8757.923999999999,8334.561,19.72
2016-02-09,0,0,0,0,0,1,0,139.2,2452.1500000000005,2232.0,9870.671,9425.425,20.05
2016-02-10,0,0,0,0,0,0,1,198.0,2449.2699999999995,2139.0,4491.392000000001,4175.01,18.35
2016-02-11,0,0,0,0,1,0,0,176.70000000000002,2452.0600000000004,2235.0,17256.694,16570.833,21.949999999999996
2016-02-12,1,0,0,0,0,0,0,237.50000000000003,2441.0700000000006,2043.0,16631.224000000002,15961.141000000001,19.130000000000003
2016-02-13,0,0,1,0,0,0,0,178.4,2446.71,2115.0,18492.488,17748.150999999998,21.35
2016-02-14,0,0,0,1,0,0,0,188.1,2443.189999999999,2287.0,20182.489,19387.506,31.65
2016-02-15,0,1,0,0,0,0,0,193.1,2437.28,2296.0,19519.218,18727.721999999998,24.2
2016-02-16,0,0,0,0,0,1,0,200.40000000000006,2433.1899999999996,2059.0,10145.650000000001,9665.802,21.86
2016-02-17,0,0,0,0,0,0,1,189.2,2391.3699999999994,2158.0,6089.6759999999995,5718.366,27.12
2016-02-18,0,0,0,0,1,0,0,193.40000000000003,2383.72,2129.0,9925.914000000002,9462.561,21.03
2016-02-19,1,0,0,0,0,0,0,183.7,2411.4999999999995,2045.0,10863.255000000001,10341.773000000001,19.9
2016-02-20,0,0,1,0,0,0,0,161.6,2459.4900000000002,1888.0,17813.36,17080.48,21.950000000000003
2016-02-21,0,0,0,1,0,0,0,112.10000000000001,2452.13,1938.0,3011.327,2725.352,23.630000000000003
2016-02-22,0,1,0,0,0,0,0,138.70000000000002,2468.88,2087.0,20747.292,19913.495000000003,22.090000000000003
2016-02-23,0,0,0,0,0,1,0,98.79999999999998,2458.1699999999996,2065.0,21822.801,20946.795000000002,20.630000000000003
2016-02-24,0,0,0,0,0,0,1,165.5,2453.3199999999997,1815.0,22472.837,21572.054000000004,20.81
2016-02-25,0,0,0,0,1,0,0,159.49999999999997,2453.7400000000002,1988.0,19818.935000000005,19016.354999999996,21.959999999999997
2016-02-26,1,0,0,0,0,0,0,177.3,2436.02,2065.0,22124.635000000002,21237.498999999996,18.36
2016-02-27,0,0,1,0,0,0,0,206.79999999999998,2441.3800000000006,2222.0,8374.545,7938.599000000001,48.92999999999999
2016-02-28,0,0,0,1,0,0,0,208.00000000000003,2426.81,1965.0,17744.233,17007.060000000005,18.54
2016-02-29,0,1,0,0,0,0,0,0.0,0.0,0.0,0.0,0.0,0.0
2016-03-01,0,0,0,0,0,1,0,188.2,2411.9900000000002,1968.0,20422.488999999998,19602.389,21.01
2016-03-02,0,0,0,0,0,0,1,218.59999999999997,2424.7,1950.0,2164.0879999999997,1887.615,18.960000000000004
2016-03-03,0,0,0,0,1,0,0,237.4,2427.4300000000003,1997.0,4285.888,3948.7920000000004,23.1
2016-03-04,1,0,0,0,0,0,0,233.39999999999998,2418.88,1821.0,16154.375000000002,15485.259,26.149999999999995
2016-03-05,0,0,1,0,0,0,0,275.19999999999993,2392.8300000000004,1754.0,3435.444,3122.7519999999995,25.56
2016-03-06,0,0,0,1,0,0,0,244.10000000000002,2389.5300000000007,1827.0,12087.714999999998,11529.649,22.24
2016-03-07,0,1,0,0,0,0,0,177.6,2416.48,2124.0,6217.039000000001,5861.4839999999995,18.720000000000002
2016-03-08,0,0,0,0,0,1,0,159.89999999999998,2328.93,1879.0,3013.7070000000003,2754.347,19.779999999999998
2016-03-09,0,0,0,0,0,0,1,178.20000000000002,2411.23,1976.0,5469.156999999999,5130.853,22.13
2016-03-10,0,0,0,0,1,0,0,213.0,2401.96,1965.0,3826.746,3527.1789999999996,20.53
2016-03-11,1,0,0,0,0,0,0,186.39999999999998,2410.77,1974.0,3240.2720000000004,2932.272,17.44
2016-03-12,0,0,1,0,0,0,0,182.5,2399.4500000000003,2057.0,2700.451,2402.0089999999996,38.04
2016-03-13,0,0,0,1,0,0,0,146.7,2287.7099999999996,1900.0,2398.553,2108.024,17.44
2016-03-14,0,1,0,0,0,0,0,162.2,2417.7400000000002,1955.0,7121.446,6709.857,25.899999999999995
2016-03-15,0,0,0,0,0,1,0,147.4,2450.71,1979.0,15536.202,14858.229,15.140000000000002
2016-03-16,0,0,0,0,0,0,1,143.4,2463.04,2022.0,14996.571999999998,14333.637999999999,14.46
2016-03-17,0,0,0,0,1,0,0,139.39999999999998,2465.11,1760.0,19467.977,18652.121,19.779999999999998
2016-03-18,1,0,0,0,0,0,0,173.6,2445.81,1474.0,11114.692,10567.907,20.409999999999997
2016-03-19,0,0,1,0,0,0,0,216.30000000000004,2439.03,1664.0,3043.508,2733.068,23.8
2016-03-20,0,0,0,1,0,0,0,238.00000000000006,2421.1899999999996,2125.0,10669.161,10131.723,16.47
2016-03-21,0,1,0,0,0,0,0,239.6,2415.1100000000006,2070.0,4907.784,4551.835999999999,20.10000000000001
2016-03-22,0,0,0,0,0,1,0,225.19999999999996,2435.31,2012.0,17397.744,16655.37,19.28
2016-03-23,0,0,0,0,0,0,1,207.9,2445.86,2100.0,5523.104,5141.8189999999995,20.439999999999998
2016-03-24,0,0,0,0,1,0,0,197.10000000000002,2443.1,1877.0,14477.610999999999,13824.502000000002,17.95
2016-03-25,1,0,0,0,0,0,0,181.1,2452.4499999999994,1936.0,13579.899000000001,12954.99,18.159999999999997
2016-03-26,0,0,1,0,0,0,0,204.40000000000003,2439.54,1890.0,17755.12,17003.785,29.280000000000005
2016-03-27,0,0,0,1,0,0,0,200.60000000000002,2430.16,2004.0,21984.913999999997,21095.465999999997,37.61
2016-03-28,0,1,0,0,0,0,0,190.29999999999998,2451.44,1968.0,15309.761000000004,14649.016000000003,15.489999999999998
2016-03-29,0,0,0,0,0,1,0,194.29999999999998,2451.6700000000005,1935.0,16657.421,15955.188999999998,17.760000000000005
2016-03-30,0,0,0,0,0,0,1,236.8,2442.88,1948.0,11360.074999999999,10823.632000000001,18.580000000000002
2016-03-31,0,0,0,0,1,0,0,277.8,2444.78,1828.0,23079.605,22132.429,19.0
2016-04-01,1,0,0,0,0,0,0,289.40000000000003,2448.6400000000003,1920.0,6702.096,6287.2699999999995,20.62
2016-04-02,0,0,1,0,0,0,0,273.6,2446.32,1835.0,11923.306,11363.69,18.140000000000004
2016-04-03,0,0,0,1,0,0,0,275.49999999999994,2437.7400000000002,1893.0,9614.098,9111.426000000001,23.920000000000005
2016-04-04,0,1,0,0,0,0,0,277.2,2446.4199999999996,1764.0,8110.977000000001,7646.993000000001,19.459999999999997
2016-04-05,0,0,0,0,0,1,0,222.39999999999992,2474.8299999999995,1956.0,16930.546000000002,16196.162999999999,20.419999999999998
2016-04-06,0,0,0,0,0,0,1,285.20000000000005,2469.45,1869.0,21513.220999999998,20614.773999999998,15.830000000000005
2016-04-07,0,0,0,0,1,0,0,267.59999999999997,2440.82,2112.0,14758.317000000003,14092.762999999999,19.499999999999996
2016-04-08,1,0,0,0,0,0,0,311.79999999999995,2426.73,1904.0,20787.805999999997,19913.423,17.179999999999996
2016-04-09,0,0,1,0,0,0,0,272.6,2423.3599999999997,2000.0,15110.799,14433.748,17.44
2016-04-10,0,0,0,1,0,0,0,258.09999999999997,2429.579999999999,1913.0,9331.839000000002,8824.008,36.589999999999996
2016-04-11,0,1,0,0,0,0,0,273.50000000000006,2441.77,1738.0,19862.503999999997,19007.005,19.99
2016-04-12,0,0,0,0,0,1,0,240.39999999999998,2439.78,1921.0,15802.395,15102.122000000001,20.72
2016-04-13,0,0,0,0,0,0,1,221.8,2435.1300000000006,1755.0,15351.567,14657.567,20.180000000000003
2016-04-14,0,0,0,0,1,0,0,228.40000000000003,2420.3399999999992,1831.0,23100.228,22137.888,18.21
2016-04-15,1,0,0,0,0,0,0,252.00000000000003,2456.31,1803.0,24188.989999999998,23180.470999999998,20.3
2016-04-16,0,0,1,0,0,0,0,258.8,2464.3000000000006,1880.0,14364.687,13710.609,20.659999999999997
2016-04-17,0,0,0,1,0,0,0,271.30000000000007,2455.9399999999996,1977.0,25234.701999999994,24195.504000000004,23.459999999999994
2016-04-18,0,1,0,0,0,0,0,357.1000000000001,2442.96,1761.0,11416.616,10870.522,18.529999999999998
2016-04-19,0,0,0,0,0,1,0,348.3,2435.23,1949.0,24277.543,23282.827,20.01
2016-04-20,0,0,0,0,0,0,1,375.70000000000005,2421.21,1788.0,25353.459999999995,24323.778,18.04
2016-04-21,0,0,0,0,1,0,0,365.5,2416.37,1839.0,23785.734999999997,22810.218999999994,16.18
2016-04-22,1,0,0,0,0,0,0,314.9,2411.7,2179.0,19599.810999999998,18784.937,20.250000000000004
2016-04-23,0,0,1,0,0,0,0,311.5999999999999,2433.54,1964.0,4129.2,3759.199,29.26
2016-04-24,0,0,0,1,0,0,0,262.7,2438.08,1923.0,18870.328999999998,18076.779,17.58
2016-04-25,0,1,0,0,0,0,0,256.0,2450.5800000000004,1654.0,23705.92,22738.706,17.130000000000003
2016-04-26,0,0,0,0,0,1,0,257.0,2444.3100000000004,1641.0,25422.539999999997,24391.618000000002,20.650000000000002
2016-04-27,0,0,0,0,0,0,1,288.0,2437.079999999999,1766.0,26017.216999999997,24962.782,19.529999999999998
2016-04-28,0,0,0,0,1,0,0,320.89999999999986,2441.4,1696.0,24545.638999999996,23551.826,19.46
2016-04-29,1,0,0,0,0,0,0,312.59999999999997,2443.79,1732.0,25638.314999999995,24599.288999999997,14.170000000000002
2016-04-30,0,0,1,0,0,0,0,291.70000000000005,2462.91,1811.0,25240.872,24217.936999999998,15.149999999999999
2016-05-01,0,0,0,1,0,0,0,340.40000000000003,2447.82,1801.0,24181.780000000002,23185.587,23.230000000000004
2016-05-02,0,1,0,0,0,0,0,409.5,2432.1600000000003,1577.0,19093.691,18266.538,16.650000000000002
2016-05-03,0,0,0,0,0,1,0,396.90000000000003,2437.0499999999993,1868.0,10625.498000000001,10079.608,17.85
2016-05-04,0,0,0,0,0,0,1,287.49999999999994,2440.6500000000005,1879.0,9376.253999999999,8862.104,15.280000000000001
2016-05-05,0,0,0,0,1,0,0,314.1,2439.5099999999998,1847.0,23861.513000000003,22883.394,23.6
2016-05-06,1,0,0,0,0,0,0,355.8,2441.5500000000006,1761.0,25142.079,24106.893,13.33
2016-05-07,0,0,1,0,0,0,0,369.1,2428.22,1756.0,20252.592999999997,19388.568,31.930000000000007
2016-05-08,0,0,0,1,0,0,0,304.59999999999997,2430.1400000000003,1569.0,16007.248999999998,15303.558,12.64
2016-05-09,0,1,0,0,0,0,0,303.00000000000006,2443.08,1737.0,23006.743999999995,22035.135000000002,16.130000000000003
2016-05-10,0,0,0,0,0,1,0,341.2,2454.26,1571.0,18157.612999999998,17377.993000000002,16.380000000000003
2016-05-11,0,0,0,0,0,0,1,362.6,2441.24,1577.0,18660.853999999996,17839.102999999996,21.020000000000003
2016-05-12,0,0,0,0,1,0,0,356.3999999999999,2436.85,1600.0,22670.336,21718.325,18.580000000000002
2016-05-13,1,0,0,0,0,0,0,391.20000000000005,2435.7,1738.0,23308.738,22336.221999999998,14.16
2016-05-14,0,0,1,0,0,0,0,403.40000000000003,2428.92,1716.0,11733.576,11145.192000000001,20.900000000000002
2016-05-15,0,0,0,1,0,0,0,344.79999999999995,2435.0899999999997,1845.0,17508.737000000005,16734.448,14.32
2016-05-16,0,1,0,0,0,0,0,318.3,2450.94,1890.0,23423.311000000005,22438.54,16.53
2016-05-17,0,0,0,0,0,1,0,362.6,2456.2300000000005,1732.0,20244.024000000005,19366.482000000004,18.61
2016-05-18,0,0,0,0,0,0,1,356.40000000000003,2438.5799999999995,1667.0,25546.134,24491.079,17.75
2016-05-19,0,0,0,0,1,0,0,292.5,2426.29,1677.0,21951.843999999994,21029.472000000005,16.4
2016-05-20,1,0,0,0,0,0,0,319.29999999999995,2422.66,1826.0,9345.353000000001,8814.363999999998,14.750000000000002
2016-05-21,0,0,1,0,0,0,0,343.09999999999997,2417.5499999999997,1758.0,17634.310999999998,16849.577999999998,34.56000000000001
2016-05-22,0,0,0,1,0,0,0,358.3,2425.14,1623.0,10764.746000000001,10192.885,16.590000000000003
2016-05-23,0,1,0,0,0,0,0,346.3,2429.14,1744.0,23088.302,22114.273999999998,20.84
2016-05-24,0,0,0,0,0,1,0,362.3999999999999,2433.9300000000003,1790.0,10659.313,10085.266000000003,15.11
2016-05-25,0,0,0,0,0,0,1,369.09999999999997,2444.0300000000007,1801.0,15746.307999999999,15025.315,18.21
2016-05-26,0,0,0,0,1,0,0,303.4000000000001,2446.55,1859.0,22331.862,21362.742,18.14
2016-05-27,1,0,0,0,0,0,0,287.20000000000005,2444.36,1870.0,24504.703999999998,23465.603,16.970000000000002
2016-05-28,0,0,1,0,0,0,0,272.9,2436.77,2158.0,19413.015,18558.441,29.84
2016-05-29,0,0,0,1,0,0,0,328.99999999999994,2445.2099999999996,1842.0,25270.438,24204.14,18.780000000000005
2016-05-30,0,1,0,0,0,0,0,331.59999999999997,2458.449999999999,1752.0,9681.515000000001,9133.029999999999,15.5
2016-05-31,0,0,0,0,0,1,0,386.6,2443.2000000000003,1723.0,24498.446999999996,23461.386,17.959999999999997
2016-06-01,0,0,0,0,0,0,1,389.8000000000001,2429.3400000000006,1845.0,21955.654,20984.208,16.67
2016-06-02,0,0,0,0,1,0,0,390.4,2438.28,1772.0,20822.332,19928.935999999998,16.209999999999997
2016-06-03,1,0,0,0,0,0,0,430.3,2456.04,1697.0,20913.483,20015.926,18.95
2016-06-04,0,0,1,0,0,0,0,446.3,2444.6200000000003,1920.0,20356.163999999997,19474.574000000004,25.560000000000002
2016-06-05,0,0,0,1,0,0,0,464.39999999999986,2327.2799999999997,1716.0,10677.876,10122.026,29.609999999999996
2016-06-06,0,1,0,0,0,0,0,463.89999999999986,2426.66,1726.0,8843.811000000002,8333.064999999999,18.349999999999998
2016-06-07,0,0,0,0,0,1,0,427.09999999999997,2420.9100000000003,1761.0,8570.593,8068.888999999999,20.049999999999997
2016-06-08,0,0,0,0,0,0,1,375.59999999999997,2421.3099999999995,1587.0,9502.861,8971.876,16.919999999999998
2016-06-09,0,0,0,0,1,0,0,350.0,2429.2999999999997,1470.0,10872.747000000001,10302.511999999997,18.970000000000002
2016-06-10,1,0,0,0,0,0,0,336.1,2433.18,1624.0,14685.188,13998.121,16.36
2016-06-11,0,0,1,0,0,0,0,325.9,2449.48,1833.0,8358.264,7861.075,22.82
2016-06-12,0,0,0,1,0,0,0,357.79999999999995,2455.55,1652.0,18421.588000000003,17606.82,23.099999999999994
2016-06-13,0,1,0,0,0,0,0,352.80000000000007,2432.9199999999996,1662.0,14592.677999999998,13900.964000000002,17.089999999999996
2016-06-14,0,0,0,0,0,1,0,276.4,2427.6800000000003,1800.0,11658.853000000001,11070.072,21.75
2016-06-15,0,0,0,0,0,0,1,280.3999999999999,2432.05,1791.0,21376.329999999998,20464.632,18.049999999999997
2016-06-16,0,0,0,0,1,0,0,319.0,2440.609999999999,1682.0,25639.269000000004,24575.829,18.130000000000003
2016-06-17,1,0,0,0,0,0,0,373.1,2447.0699999999997,1593.0,24641.094999999998,23617.723,14.32
2016-06-18,0,0,1,0,0,0,0,316.20000000000005,2447.49,2091.0,5857.021,5421.929000000001,21.150000000000002
2016-06-19,0,0,0,1,0,0,0,335.40000000000003,2465.74,1991.0,17436.733,16671.896,15.11
2016-06-20,0,1,0,0,0,0,0,381.29999999999995,2450.08,1914.0,24834.103999999996,23801.855,16.97
2016-06-21,0,0,0,0,0,1,0,391.80000000000007,2453.3100000000004,1731.0,24296.472,23281.998000000003,15.09
2016-06-22,0,0,0,0,0,0,1,384.7,2441.2000000000003,1875.0,23943.231,22950.196,19.98
2016-06-23,0,0,0,0,1,0,0,363.1,2434.4000000000005,2017.0,23162.179,22183.047,11.450000000000003
2016-06-24,1,0,0,0,0,0,0,364.5999999999999,2448.32,1834.0,16249.903999999999,15512.174,23.019999999999996
2016-06-25,0,0,1,0,0,0,0,380.09999999999997,2457.6600000000008,1853.0,24850.154,23819.677,18.89
2016-06-26,0,0,0,1,0,0,0,420.2,2452.65,1908.0,24776.643,23748.992999999995,20.609999999999996
2016-06-27,0,1,0,0,0,0,0,470.50000000000006,2446.49,1775.0,23846.002,22855.645999999997,18.45
2016-06-28,0,0,0,0,0,1,0,431.09999999999997,2448.3,1838.0,23741.693,22755.665000000005,29.880000000000003
2016-06-29,0,0,0,0,0,0,1,428.0,2447.5699999999997,1824.0,23610.266,22623.075,17.38
2016-06-30,0,0,0,0,1,0,0,402.90000000000003,2449.53,1786.0,12210.52,11590.730000000001,13.53
2016-07-01,1,0,0,0,0,0,0,391.9,2444.36,1768.0,21535.222,20631.121000000003,20.080000000000005
2016-07-02,0,0,1,0,0,0,0,449.5000000000001,2437.0099999999998,1708.0,22173.272,21230.587000000003,22.990000000000002
2016-07-03,0,0,0,1,0,0,0,431.29999999999995,2441.67,1582.0,19815.642,18964.536,16.8
2016-07-04,0,1,0,0,0,0,0,412.8,2443.0899999999992,1719.0,19762.231,18902.628000000004,16.87
2016-07-05,0,0,0,0,0,1,0,371.7,2442.609999999999,1917.0,24901.744000000006,23874.29,17.7
2016-07-06,0,0,0,0,0,0,1,402.30000000000007,2440.1,1760.0,22543.489999999998,21603.751000000004,16.67
2016-07-07,0,0,0,0,1,0,0,380.69999999999993,2428.6300000000006,2024.0,4497.615,4097.138,17.299999999999997
2016-07-08,1,0,0,0,0,0,0,421.2,2424.59,1882.0,19640.834000000003,18793.195,18.52
2016-07-09,0,0,1,0,0,0,0,403.50000000000006,2431.8100000000004,1824.0,24914.797,23886.433,17.059999999999995
2016-07-10,0,0,0,1,0,0,0,424.40000000000003,2436.41,1731.0,23589.478,22614.758,19.84
2016-07-11,0,1,0,0,0,0,0,396.3,2439.68,1744.0,24093.588,23102.381999999998,15.709999999999997
2016-07-12,0,0,0,0,0,1,0,427.29999999999995,2437.6400000000003,1829.0,23995.102000000006,23008.009000000002,15.530000000000001
2016-07-13,0,0,0,0,0,0,1,419.9,2453.2,1916.0,18464.096999999998,17666.487,19.710000000000004
2016-07-14,0,0,0,0,1,0,0,409.79999999999995,2453.6400000000003,1827.0,11458.009000000002,10881.817000000001,13.249999999999996
2016-07-15,1,0,0,0,0,0,0,413.5,2446.65,1808.0,24391.016999999996,23391.756000000005,13.360000000000003
2016-07-16,0,0,1,0,0,0,0,429.30000000000007,2440.2400000000002,1890.0,24062.063000000006,23054.836,37.57
2016-07-17,0,0,0,1,0,0,0,451.1,2433.42,1950.0,22124.716999999997,21180.385000000002,18.159999999999997
2016-07-18,0,1,0,0,0,0,0,467.40000000000003,2432.48,1821.0,21734.324000000004,20796.749000000003,17.299999999999997
2016-07-19,0,0,0,0,0,1,0,448.6,2442.1,1786.0,19379.419,18533.222000000005,12.18
2016-07-20,0,0,0,0,0,0,1,470.8,2444.890000000001,1740.0,24473.262,23448.004,15.670000000000003
2016-07-21,0,0,0,0,1,0,0,468.20000000000005,2440.72,1798.0,24355.054,23333.791000000005,13.260000000000003
2016-07-22,1,0,0,0,0,0,0,469.3,2448.7500000000005,1611.0,23730.046000000002,22733.103,13.48
2016-07-23,0,0,1,0,0,0,0,426.0,2455.3099999999995,1749.0,23195.219,22219.159,16.03
2016-07-24,0,0,0,1,0,0,0,452.0,2444.9900000000002,1714.0,22755.663,21786.852,16.76
2016-07-25,0,1,0,0,0,0,0,482.6,2439.39,1844.0,8523.081,8008.325000000001,21.220000000000006
2016-07-26,0,0,0,0,0,1,0,449.30000000000007,2444.2900000000004,1857.0,8314.913,7804.6219999999985,15.55
2016-07-27,0,0,0,0,0,0,1,478.0,2444.82,1864.0,22336.813000000006,21393.679,20.02
2016-07-28,0,0,0,0,1,0,0,491.5,2443.0800000000004,1892.0,6327.021000000001,5869.585000000001,13.650000000000002
2016-07-29,1,0,0,0,0,0,0,481.59999999999997,2433.4500000000003,1862.0,17373.964,16586.245,11.219999999999999
2016-07-30,0,0,1,0,0,0,0,429.00000000000006,2429.2899999999995,1680.0,16749.197,15977.640999999998,21.499999999999996
2016-07-31,0,0,0,1,0,0,0,413.3000000000002,2437.98,1741.0,24327.321000000004,23317.205,15.259999999999998
2016-08-01,0,1,0,0,0,0,0,447.40000000000003,2439.6199999999994,1706.0,14003.502,13335.517,19.500000000000004
2016-08-02,0,0,0,0,0,1,0,377.7,2443.8500000000004,1909.0,24405.29,23394.891,14.819999999999999
2016-08-03,0,0,0,0,0,0,1,403.5,2455.89,1955.0,24267.717999999997,23263.011,14.65
2016-08-04,0,0,0,0,1,0,0,429.69999999999993,2442.1499999999996,1914.0,23640.260000000006,22660.150999999998,13.110000000000001
2016-08-05,1,0,0,0,0,0,0,432.20000000000005,2428.93,1741.0,23882.023999999998,22894.961,15.25
2016-08-06,0,0,1,0,0,0,0,389.20000000000005,2432.18,1763.0,18992.569,18156.689,18.88
2016-08-07,0,0,0,1,0,0,0,407.29999999999995,2428.9500000000003,1783.0,18743.038,17919.419000000005,16.95
2016-08-08,0,1,0,0,0,0,0,396.2999999999999,2432.88,1935.0,23345.451,22379.629,14.19
2016-08-09,0,0,0,0,0,1,0,412.7999999999999,2435.74,2036.0,21153.695,20246.351,14.019999999999998
2016-08-10,0,0,0,0,0,0,1,445.89999999999986,2442.09,1897.0,9109.604000000001,8598.298,29.589999999999996
2016-08-11,0,0,0,0,1,0,0,450.99999999999994,2445.6299999999997,1933.0,11418.423999999999,10837.689999999999,19.93999999999999
2016-08-12,1,0,0,0,0,0,0,473.1,2442.2399999999993,1929.0,21319.659000000003,20411.378,15.000000000000002
2016-08-13,0,0,1,0,0,0,0,485.69999999999993,2435.77,1909.0,23139.054,22181.994,10.39
2016-08-14,0,0,0,1,0,0,0,471.49999999999994,2435.899999999999,1758.0,22928.015,21998.755,10.4
2016-08-15,0,1,0,0,0,0,0,457.1000000000001,2441.02,1868.0,22917.565,21987.111999999997,10.490000000000004
2016-08-16,0,0,0,0,0,1,0,452.90000000000003,2442.5700000000006,1865.0,5698.781,5300.744999999999,10.630000000000004
2016-08-17,0,0,0,0,0,0,1,449.80000000000007,2441.13,1821.0,13778.345,13145.271999999999,12.21
2016-08-18,0,0,0,0,1,0,0,467.7,2439.71,1795.0,23220.814000000002,22276.657000000003,23.069999999999997
2016-08-19,1,0,0,0,0,0,0,499.9999999999999,2436.7200000000003,1714.0,22321.93,21416.366000000005,12.640000000000002
2016-08-20,0,0,1,0,0,0,0,476.90000000000003,2427.3600000000006,1838.0,21450.803,20571.926,16.049999999999997
2016-08-21,0,0,0,1,0,0,0,433.6000000000001,2422.0499999999997,1820.0,23120.633,22185.822999999997,11.719999999999999
2016-08-22,0,1,0,0,0,0,0,416.8,2439.9699999999993,1552.0,18427.221,17649.854999999996,13.280000000000003
2016-08-23,0,0,0,0,0,1,0,412.3,2451.0500000000006,1786.0,19322.492000000002,18509.221,17.36
2016-08-24,0,0,0,0,0,0,1,453.00000000000006,2453.19,1843.0,23478.285999999996,22534.101,13.38
2016-08-25,0,0,0,0,1,0,0,486.90000000000003,2442.95,1706.0,20239.409,19413.847999999998,10.759999999999998
2016-08-26,1,0,0,0,0,0,0,492.9000000000001,2427.4,1625.0,22462.045,21538.395999999997,9.01
2016-08-27,0,0,1,0,0,0,0,465.0,2420.2400000000002,1657.0,18510.716,17706.981,11.88
2016-08-28,0,0,0,1,0,0,0,389.5000000000001,2441.0999999999995,1829.0,16195.464999999998,15489.479999999998,17.52
2016-08-29,0,1,0,0,0,0,0,424.8,2437.67,1886.0,15526.313,14817.255000000001,10.700000000000003
2016-08-30,0,0,0,0,0,1,0,421.20000000000005,2435.0899999999992,1786.0,9320.089,8821.347,11.620000000000001
2016-08-31,0,0,0,0,0,0,1,408.3,2432.3400000000006,1999.0,21093.149,20220.554999999997,16.75
2016-09-01,0,0,0,0,1,0,0,372.1,2433.32,1998.0,20371.868000000006,19531.977000000003,13.599999999999998
2016-09-02,1,0,0,0,0,0,0,354.40000000000003,2431.87,2028.0,15397.235,14708.486000000003,14.26
2016-09-03,0,0,1,0,0,0,0,349.5,2436.3999999999996,1997.0,18584.671,17802.828999999998,16.849999999999998
2016-09-04,0,0,0,1,0,0,0,354.0000000000001,2434.8799999999997,1960.0,5114.624999999999,4733.233,36.279999999999994
2016-09-05,0,1,0,0,0,0,0,332.80000000000007,2435.6199999999994,1954.0,21824.219,20926.124,15.8
2016-09-06,0,0,0,0,0,1,0,351.0,2435.0099999999998,2027.0,16833.804,16126.993999999999,13.860000000000003
2016-09-07,0,0,0,0,0,0,1,353.2000000000001,2445.1600000000003,2064.0,23202.987,22272.894000000004,14.740000000000002
2016-09-08,0,0,0,0,1,0,0,376.3000000000001,2453.4999999999995,1921.0,16261.939,15551.399999999998,12.36
2016-09-09,1,0,0,0,0,0,0,357.99999999999994,2461.9300000000007,1848.0,19137.22,18333.060999999998,11.239999999999998
2016-09-10,0,0,1,0,0,0,0,407.20000000000005,2445.04,1752.0,12240.568000000001,11667.13,16.39
2016-09-11,0,0,0,1,0,0,0,367.8,2447.0699999999997,1811.0,14555.795,13909.029999999999,12.350000000000001
2016-09-12,0,1,0,0,0,0,0,351.49999999999994,2452.8900000000003,1940.0,11678.946,11132.284999999998,14.439999999999996
2016-09-13,0,0,0,0,0,1,0,358.9000000000001,2440.4,1762.0,14293.655999999999,13666.160999999998,14.329999999999998
2016-09-14,0,0,0,0,0,0,1,362.7,2438.620000000001,1880.0,11022.957,10470.951,11.43
2016-09-15,0,0,0,0,1,0,0,361.19999999999993,2447.83,1952.0,6245.456,5863.156,11.86
2016-09-16,1,0,0,0,0,0,0,391.20000000000005,2439.19,1858.0,4187.874,3859.234,13.5
2016-09-17,0,0,1,0,0,0,0,347.1,2425.8200000000006,2126.0,8269.346,7826.812999999999,28.150000000000006
2016-09-18,0,0,0,1,0,0,0,356.40000000000003,2437.9000000000005,1851.0,5534.773999999999,5177.004,19.09
2016-09-19,0,1,0,0,0,0,0,333.9,2440.61,2005.0,10456.168,9958.677,13.92
2016-09-20,0,0,0,0,0,1,0,333.3999999999999,2448.4999999999995,2029.0,16805.262,16095.159,10.01
2016-09-21,0,0,0,0,0,0,1,325.40000000000003,2441.47,2036.0,21526.917999999998,20677.802000000003,12.09
2016-09-22,0,0,0,0,1,0,0,332.69999999999993,2436.1399999999994,1838.0,3870.088,3548.404,13.320000000000002
2016-09-23,1,0,0,0,0,0,0,295.50000000000006,2438.7100000000005,2131.0,8893.315999999999,8441.600999999999,14.07
2016-09-24,0,0,1,0,0,0,0,316.49999999999994,2463.7200000000003,2039.0,18396.511,17611.122000000003,23.89
2016-09-25,0,0,0,1,0,0,0,357.40000000000003,2467.9500000000003,1855.0,12622.195,12025.874,22.539999999999996
2016-09-26,0,1,0,0,0,0,0,335.9999999999999,2445.62,2185.0,7719.067,7277.783,13.660000000000002
2016-09-27,0,0,0,0,0,1,0,331.1,2449.67,1990.0,14573.336000000001,13913.328000000001,15.119999999999997
2016-09-28,0,0,0,0,0,0,1,298.4,2444.92,2117.0,13625.538,13000.51,15.08
2016-09-29,0,0,0,0,1,0,0,262.8999999999999,2441.919999999999,2099.0,8123.338000000001,7668.7880000000005,14.920000000000002
2016-09-30,1,0,0,0,0,0,0,249.5,2437.4900000000002,2109.0,9225.389,8739.173,19.610000000000003
2016-10-01,0,0,1,0,0,0,0,298.69999999999993,2431.79,1883.0,4722.887,4360.704,19.01
2016-10-02,0,0,0,1,0,0,0,282.1,2330.32,1949.0,13827.561,13203.912999999999,22.929999999999996
2016-10-03,0,1,0,0,0,0,0,290.8999999999999,2426.7100000000005,1931.0,22687.773,21766.317999999996,21.26
2016-10-04,0,0,0,0,0,1,0,302.99999999999994,2422.32,2032.0,21424.524,20548.415999999997,17.580000000000002
2016-10-05,0,0,0,0,0,0,1,319.59999999999997,2430.39,2040.0,10461.192000000001,9941.577000000001,25.63
2016-10-06,0,0,0,0,1,0,0,296.70000000000005,2435.7200000000003,2151.0,17706.588000000003,16970.517999999996,18.95
2016-10-07,1,0,0,0,0,0,0,313.3,2426.38,1812.0,16278.310000000001,15571.534,21.599999999999998
2016-10-08,0,0,1,0,0,0,0,245.99999999999997,2425.4199999999996,2192.0,6899.857000000001,6486.432000000001,24.98
2016-10-09,0,0,0,1,0,0,0,237.79999999999995,2434.65,2094.0,4469.273,4118.790000000001,27.359999999999996
2016-10-10,0,1,0,0,0,0,0,218.49999999999997,2443.440000000001,1924.0,4069.512,3736.994,24.150000000000002
2016-10-11,0,0,0,0,0,1,0,173.8,2454.2100000000005,1620.0,17820.610999999997,17062.61,20.460000000000004
2016-10-12,0,0,0,0,0,0,1,206.69999999999996,2439.25,1759.0,14901.572000000002,14240.217,21.220000000000002
2016-10-13,0,0,0,0,1,0,0,287.3,2397.33,2133.0,4465.186000000001,4127.866999999999,23.210000000000004
2016-10-14,1,0,0,0,0,0,0,292.09999999999997,2375.9500000000003,2047.0,15312.461999999998,14657.410999999998,13.420000000000002
2016-10-15,0,0,1,0,0,0,0,274.2,2381.0800000000004,2064.0,5026.155,4678.147000000001,24.78
2016-10-16,0,0,0,1,0,0,0,281.40000000000003,2383.0699999999997,2063.0,12222.225,11652.66,16.21
2016-10-17,0,1,0,0,0,0,0,261.7,2403.54,2240.0,3154.91,2854.1989999999996,21.869999999999997
2016-10-18,0,0,0,0,0,1,0,258.00000000000006,2437.29,2210.0,3467.896,3168.57,21.910000000000004
2016-10-19,0,0,0,0,0,0,1,267.4,2455.8999999999996,2015.0,3318.8529999999996,3024.326,21.020000000000003
2016-10-20,0,0,0,0,1,0,0,277.4,2436.74,2093.0,7725.567,7311.165999999999,15.810000000000002
2016-10-21,1,0,0,0,0,0,0,241.70000000000002,2434.69,2182.0,9461.082,8993.740999999998,18.06
2016-10-22,0,0,1,0,0,0,0,238.50000000000003,2429.92,2045.0,5585.745999999999,5231.232,33.160000000000004
2016-10-23,0,0,0,1,0,0,0,292.59999999999997,2424.73,1856.0,8401.816,7976.264,20.650000000000002
2016-10-24,0,1,0,0,0,0,0,274.9,2409.119999999999,2088.0,16539.951,15858.525,16.990000000000002
2016-10-25,0,0,0,0,0,1,0,293.59999999999997,2427.6700000000005,1839.0,9562.505000000003,9089.944000000001,19.330000000000002
2016-10-26,0,0,0,0,0,0,1,239.2,2423.2800000000007,2197.0,3022.314,2740.3399999999997,17.990000000000002
2016-10-27,0,0,0,0,1,0,0,285.49999999999994,2420.9500000000003,2161.0,3115.806,2832.24,17.920000000000005
2016-10-28,1,0,0,0,0,0,0,308.6000000000001,2430.27,1892.0,9143.322999999999,8707.062000000002,16.999999999999996
2016-10-29,0,0,1,0,0,0,0,217.0,2429.3899999999994,2243.0,15725.501999999999,15084.462999999998,28.72
2016-10-30,0,0,0,1,0,0,0,208.6,2415.15,2244.0,4847.683,4519.034,22.9
2016-10-31,0,1,0,0,0,0,0,229.19999999999996,2411.7499999999995,2292.0,2853.0609999999997,2574.5660000000003,20.149999999999995
2016-11-01,0,0,0,0,0,1,0,235.6,2427.6899999999996,2203.0,1567.6469999999997,1319.162,19.130000000000003
2016-11-02,0,0,0,0,0,0,1,263.3,2433.57,2166.0,1522.6850000000002,1284.657,20.57
2016-11-03,0,0,0,0,1,0,0,291.8999999999999,2451.54,1971.0,14529.795000000002,13935.796999999999,18.48
2016-11-04,1,0,0,0,0,0,0,253.3,2435.26,1843.0,12635.588,12089.562,19.400000000000002
2016-11-05,0,0,1,0,0,0,0,292.0,2422.6799999999994,2225.0,9466.239000000001,9018.242999999999,23.259999999999998
2016-11-06,0,0,0,1,0,0,0,273.5,2534.6,2156.0,3615.958,3329.0049999999997,20.86
2016-11-07,0,1,0,0,0,0,0,292.59999999999997,2441.2099999999996,1989.0,7320.286999999999,6925.2699999999995,21.000000000000004
2016-11-08,0,0,0,0,0,1,0,376.7,2436.38,1741.0,3575.4149999999995,3291.3819999999996,21.750000000000004
2016-11-09,0,0,0,0,0,0,1,319.19999999999993,2446.31,2275.0,4711.736000000001,4388.4130000000005,19.500000000000004
2016-11-10,0,0,0,0,1,0,0,269.4,2442.17,2150.0,3017.661,2733.692,17.740000000000002
2016-11-11,1,0,0,0,0,0,0,283.5,2431.04,2202.0,9724.795000000002,9257.560000000001,20.149999999999995
2016-11-12,0,0,1,0,0,0,0,290.20000000000005,2427.43,2090.0,4877.987,4572.847,30.810000000000002
2016-11-13,0,0,0,1,0,0,0,231.2,2439.7999999999997,2140.0,6988.232,6606.936,18.44
2016-11-14,0,1,0,0,0,0,0,227.0,2435.48,2082.0,1712.1549999999997,1476.9850000000001,16.73
2016-11-15,0,0,0,0,0,1,0,202.70000000000005,2419.3199999999997,2137.0,2350.641,2116.827,21.04
2016-11-16,0,0,0,0,0,0,1,163.29999999999998,2435.989999999999,2233.0,4587.534000000001,4284.54,22.209999999999997
2016-11-17,0,0,0,0,1,0,0,166.70000000000002,2448.6999999999994,2115.0,8983.793,8563.297,21.31
2016-11-18,1,0,0,0,0,0,0,149.10000000000002,2437.5399999999995,1904.0,4989.994000000001,4683.330999999999,24.490000000000002
2016-11-19,0,0,1,0,0,0,0,211.1,2411.38,1844.0,8674.027,8264.384,46.99
2016-11-20,0,0,0,1,0,0,0,250.00000000000003,2408.669999999999,1998.0,12660.975,12145.123,21.000000000000004
2016-11-21,0,1,0,0,0,0,0,223.39999999999995,2428.4300000000003,1960.0,8310.423999999999,7930.785999999998,21.54
2016-11-22,0,0,0,0,0,1,0,191.6,2427.3300000000004,2030.0,2461.9359999999997,2213.138,20.400000000000002
2016-11-23,0,0,0,0,0,0,1,189.70000000000002,2428.3700000000003,2093.0,1539.7100000000003,1354.5500000000002,22.21
2016-11-24,0,0,0,0,1,0,0,198.9,2415.16,1994.0,981.239,807.0699999999999,23.640000000000004
2016-11-25,1,0,0,0,0,0,0,163.49999999999997,2424.6,2029.0,1344.101,1162.512,19.830000000000002
2016-11-26,0,0,1,0,0,0,0,139.4,2399.4799999999996,2262.0,6455.43,6148.134,21.480000000000004
2016-11-27,0,0,0,1,0,0,0,131.5,2404.84,2207.0,3775.9929999999995,3535.063,31.519999999999996
2016-11-28,0,1,0,0,0,0,0,135.29999999999998,2424.1800000000003,2156.0,3503.965,3276.0580000000004,22.909999999999997
2016-11-29,0,0,0,0,0,1,0,154.39999999999998,2444.140000000001,2103.0,7281.9039999999995,6952.2119999999995,22.230000000000004
2016-11-30,0,0,0,0,0,0,1,169.10000000000002,2427.16,2061.0,1443.416,1260.1860000000001,26.680000000000003
2016-12-01,0,0,0,0,1,0,0,134.3,2456.0000000000005,2134.0,7402.285000000001,7058.040000000001,23.499999999999996
2016-12-02,1,0,0,0,0,0,0,165.0,2448.85,2237.0,1671.0510000000002,1483.197,17.630000000000003
2016-12-03,0,0,1,0,0,0,0,146.39999999999998,2448.57,2157.0,4946.929,4672.842,20.98
2016-12-04,0,0,0,1,0,0,0,107.8,2437.2100000000005,1842.0,1265.1870000000001,1085.485,32.26
2016-12-05,0,1,0,0,0,0,0,25.400000000000002,2441.1400000000003,2263.0,7391.037,7055.153,23.25
2016-12-06,0,0,0,0,0,1,0,-2.7999999999999985,2454.7199999999993,1742.0,10277.354,9865.648,24.889999999999993
2016-12-07,0,0,0,0,0,0,1,-69.20000000000002,2475.0699999999997,1440.0,3462.048,3236.1110000000003,30.390000000000004
2016-12-08,0,0,0,0,1,0,0,-60.800000000000004,2450.1499999999996,1353.0,9302.506,8921.601,30.110000000000003
2016-12-09,1,0,0,0,0,0,0,-12.2,2432.2199999999993,1956.0,2964.0899999999997,2748.943,27.800000000000004
2016-12-10,0,0,1,0,0,0,0,34.199999999999996,2420.92,2246.0,2168.005,1967.4740000000002,39.64000000000001
2016-12-11,0,0,0,1,0,0,0,80.40000000000002,2425.6799999999994,2239.0,955.6560000000001,781.991,23.169999999999998
2016-12-12,0,1,0,0,0,0,0,-0.10000000000000009,2451.7000000000007,2085.0,919.254,746.281,24.59
2016-12-13,0,0,0,0,0,1,0,-58.899999999999984,2464.499999999999,1922.0,1715.419,1526.1100000000001,32.93
2016-12-14,0,0,0,0,0,0,1,-115.70000000000002,2449.6,1968.0,843.965,672.432,29.910000000000004
2016-12-15,0,0,0,0,1,0,0,-98.39999999999999,2433.06,1942.0,4749.529,4484.188,40.580000000000005
2016-12-16,1,0,0,0,0,0,0,-124.7,2450.13,1566.0,5636.984,5342.762,32.55
2016-12-17,0,0,1,0,0,0,0,-111.0,2471.5,1769.0,3383.148,3153.233,31.730000000000004
2016-12-18,0,0,0,1,0,0,0,-17.5,2473.77,2174.0,6424.369,6118.725,33.69999999999999
2016-12-19,0,1,0,0,0,0,0,73.19999999999999,2443.94,2182.0,3187.25,2960.877,28.790000000000003
2016-12-20,0,0,0,0,0,1,0,120.69999999999999,2441.58,2027.0,5494.324999999999,5215.666000000001,24.620000000000008
2016-12-21,0,0,0,0,0,0,1,83.89999999999999,2465.4600000000005,2132.0,3268.033,3043.2280000000005,21.95
2016-12-22,0,0,0,0,1,0,0,84.79999999999998,2425.7299999999996,2058.0,1882.977,1690.2250000000001,29.509999999999998
2016-12-23,1,0,0,0,0,0,0,74.0,2407.64,2232.0,12635.117999999999,12144.135000000002,52.57
2016-12-24,0,0,1,0,0,0,0,36.099999999999994,2431.3900000000003,2234.0,1388.557,1206.197,34.11
2016-12-25,0,0,0,1,0,0,0,-33.4,2448.4100000000003,2090.0,1233.5149999999999,1054.401,36.29
2016-12-26,0,1,0,0,0,0,0,13.2,2447.3,2182.0,10043.914,9634.489,30.439999999999994
2016-12-27,0,0,0,0,0,1,0,85.49999999999999,2430.66,2124.0,4007.0339999999997,3762.96,28.709999999999997
2016-12-28,0,0,0,0,0,0,1,69.3,2463.5500000000006,2188.0,1385.535,1206.498,24.689999999999998
2016-12-29,0,0,0,0,1,0,0,75.0,2447.9700000000003,2210.0,6743.449999999999,6427.44,26.41
2016-12-30,1,0,0,0,0,0,0,50.0,2457.9499999999994,2256.0,2113.975,1894.185,21.95
2016-12-31,0,0,1,0,0,0,0,7.300000000000001,2438.03,2340.0,3806.31,3546.863,31.19
2017-01-01,0,0,0,1,0,0,0,11.9,2421.21,1709.0,4130.735999999999,3863.141,30.719999999999995
2017-01-02,0,1,0,0,0,0,0,-45.3,2444.2200000000003,1103.0,13555.077,13020.662999999999,31.84999999999999
2017-01-03,0,0,0,0,0,1,0,-80.50000000000001,2466.2299999999996,1199.0,14369.589999999998,13807.356,34.03
2017-01-04,0,0,0,0,0,0,1,-63.3,2464.7800000000007,1729.0,14049.7,13474.96,27.709999999999997
2017-01-05,0,0,0,0,1,0,0,-67.70000000000002,2461.0499999999997,1823.0,13921.015000000001,13354.079,33.84
2017-01-06,1,0,0,0,0,0,0,20.099999999999998,2440.51,1659.0,1742.731,1531.454,29.5
2017-01-07,0,0,1,0,0,0,0,-11.600000000000003,2430.05,1836.0,3454.2659999999996,3188.676,48.330000000000005
2017-01-08,0,0,0,1,0,0,0,37.9,2412.75,1902.0,5990.694,5664.196,28.499999999999996
2017-01-09,0,1,0,0,0,0,0,84.8,2403.3900000000003,2154.0,1811.7829999999997,1595.497,20.030000000000005
2017-01-10,0,0,0,0,0,1,0,12.200000000000001,2414.9800000000005,1642.0,1137.832,937.8169999999999,25.819999999999997
2017-01-11,0,0,0,0,0,0,1,-55.30000000000001,2425.86,1420.0,1152.2079999999999,951.489,31.93
2017-01-12,0,0,0,0,1,0,0,-85.6,2456.8599999999997,1859.0,1910.2230000000002,1689.0919999999996,33.61
2017-01-13,1,0,0,0,0,0,0,-65.3,2473.59,1917.0,1572.8260000000002,1358.342,31.27
2017-01-14,0,0,1,0,0,0,0,-40.99999999999999,2468.75,2067.0,1031.291,827.451,29.700000000000003
2017-01-15,0,0,0,1,0,0,0,19.2,2461.71,2027.0,1826.2390000000003,1603.333,29.779999999999998
2017-01-16,0,1,0,0,0,0,0,71.5,2446.6499999999996,1960.0,985.4930000000002,782.6410000000001,27.230000000000004
2017-01-17,0,0,0,0,0,1,0,184.4,2406.7099999999996,2070.0,6354.936,5998.877,21.369999999999997
2017-01-18,0,0,0,0,0,0,1,218.0,2378.9300000000003,2219.0,9537.596000000001,9096.990000000002,23.6
2017-01-19,0,0,0,0,1,0,0,174.00000000000003,2388.8100000000004,2218.0,14153.334999999997,13581.107,18.5
2017-01-20,1,0,0,0,0,0,0,123.3,2375.1000000000004,2181.0,9165.468,8739.880000000001,23.130000000000003
2017-01-21,0,0,1,0,0,0,0,168.39999999999998,2386.03,1955.0,15387.465,14773.331000000002,25.65
2017-01-22,0,0,0,1,0,0,0,126.6,2399.95,2080.0,4253.099,3965.1569999999992,32.57
2017-01-23,0,1,0,0,0,0,0,73.90000000000002,2421.7999999999997,2210.0,5415.161999999999,5092.977000000001,22.120000000000005
2017-01-24,0,0,0,0,0,1,0,51.4,2446.629999999999,2220.0,15335.806,14725.309,24.049999999999997
2017-01-25,0,0,0,0,0,0,1,90.90000000000002,2458.8,2119.0,9141.141,8719.767,42.88
2017-01-26,0,0,0,0,1,0,0,82.70000000000002,2477.1199999999994,2109.0,4955.909000000001,4639.9310000000005,25.83
2017-01-27,1,0,0,0,0,0,0,125.39999999999999,2487.8600000000006,1904.0,9384.655999999999,8974.151,17.04
2017-01-28,0,0,1,0,0,0,0,110.70000000000002,2482.1099999999997,1895.0,4673.355,4393.296,19.9
2017-01-29,0,0,0,1,0,0,0,136.40000000000003,2466.22,2005.0,4937.022,4654.37,27.119999999999997
2017-01-30,0,1,0,0,0,0,0,107.0,2467.0400000000004,2100.0,5429.428,5132.535,21.55
2017-01-31,0,0,0,0,0,1,0,70.7,2462.9300000000007,1339.0,14483.339,13910.698,22.21
2017-02-01,0,0,0,0,0,0,1,37.9,2366.0300000000007,926.0,8226.162,7854.699,25.029999999999998
2017-02-02,0,0,0,0,1,0,0,8.600000000000001,2452.7000000000003,1299.0,10651.497,10209.954000000002,29.71
2017-02-03,1,0,0,0,0,0,0,-18.7,2407.5199999999995,2078.0,11411.935,10941.779000000002,27.44
2017-02-04,0,0,1,0,0,0,0,8.100000000000001,2405.3199999999993,2312.0,10133.477,9694.981,33.470000000000006
2017-02-05,0,0,0,1,0,0,0,-4.6,2403.0699999999997,2172.0,1927.132,1711.819,28.439999999999998
2017-02-06,0,1,0,0,0,0,0,-42.0,2396.73,2079.0,1786.157,1573.963,26.790000000000003
2017-02-07,0,0,0,0,0,1,0,-49.699999999999996,2420.71,1937.0,3338.491,3070.393,25.83
2017-02-08,0,0,0,0,0,0,1,-73.4,2429.46,1980.0,8757.923999999999,8334.561,29.69
2017-02-09,0,0,0,0,1,0,0,49.7,2381.9000000000005,2285.0,9870.671,9425.425,24.840000000000003
2017-02-10,1,0,0,0,0,0,0,114.10000000000002,2412.1700000000005,2042.0,4491.392000000001,4175.01,25.849999999999994
2017-02-11,0,0,1,0,0,0,0,79.69999999999999,2468.76,2077.0,17256.694,16570.833,52.220000000000006
2017-02-12,0,0,0,1,0,0,0,81.30000000000001,2474.8300000000004,2131.0,16631.224000000002,15961.141000000001,22.910000000000004
2017-02-13,0,1,0,0,0,0,0,82.20000000000002,2460.0400000000004,2215.0,18492.488,17748.150999999998,25.819999999999997
2017-02-14,0,0,0,0,0,1,0,142.1,2436.64,2000.0,20182.489,19387.506,26.28000000000001
2017-02-15,0,0,0,0,0,0,1,240.10000000000002,2403.13,2219.0,19519.218,18727.721999999998,23.89
2017-02-16,0,0,0,0,1,0,0,231.1,2390.2699999999995,1898.0,10145.650000000001,9665.802,22.35
2017-02-17,1,0,0,0,0,0,0,163.5,2411.31,2120.0,6089.6759999999995,5718.366,22.62
2017-02-18,0,0,1,0,0,0,0,130.8,2392.54,2180.0,9925.914000000002,9462.561,32.56999999999999
2017-02-19,0,0,0,1,0,0,0,153.89999999999998,2391.3600000000006,2123.0,10863.255000000001,10341.773000000001,26.13
2017-02-20,0,1,0,0,0,0,0,146.0,2405.1400000000003,2138.0,17813.36,17080.48,21.62
2017-02-21,0,0,0,0,0,1,0,126.69999999999997,2427.5799999999995,2080.0,3011.327,2725.352,20.36
2017-02-22,0,0,0,0,0,0,1,90.3,2451.11,2002.0,20747.292,19913.495000000003,25.109999999999996
2017-02-23,0,0,0,0,1,0,0,68.3,2455.3400000000006,1939.0,21822.801,20946.795000000002,24.159999999999997
2017-02-24,1,0,0,0,0,0,0,82.79999999999998,2451.89,1842.0,22472.837,21572.054000000004,29.420000000000005
2017-02-25,0,0,1,0,0,0,0,47.6,2449.5,1930.0,19818.935000000005,19016.354999999996,34.94
2017-02-26,0,0,0,1,0,0,0,78.1,2418.4900000000007,1888.0,22124.635000000002,21237.498999999996,24.509999999999998
2017-02-27,0,1,0,0,0,0,0,20.400000000000006,2415.11,1797.0,8374.545,7938.599000000001,26.770000000000003
2017-02-28,0,0,0,0,0,1,0,40.2,2436.0900000000006,2051.0,17744.233,17007.060000000005,25.55
2017-03-01,0,0,0,0,0,0,1,149.9,2460.4400000000005,1956.0,20422.488999999998,19602.389,22.740000000000002
2017-03-02,0,0,0,0,1,0,0,142.4,2456.2000000000003,2189.0,2164.0879999999997,1887.615,27.189999999999998
2017-03-03,1,0,0,0,0,0,0,150.6,2420.1099999999997,2115.0,4285.888,3948.7920000000004,24.400000000000002
2017-03-04,0,0,1,0,0,0,0,92.00000000000001,2410.78,1762.0,16154.375000000002,15485.259,29.240000000000002
2017-03-05,0,0,0,1,0,0,0,41.099999999999994,2395.9399999999996,2169.0,3435.444,3122.7519999999995,29.390000000000004
2017-03-06,0,1,0,0,0,0,0,69.10000000000001,2418.5699999999997,1867.0,12087.714999999998,11529.649,25.110000000000003
2017-03-07,0,0,0,0,0,1,0,58.0,2429.4300000000003,2153.0,6217.039000000001,5861.4839999999995,24.81
2017-03-08,0,0,0,0,0,0,1,85.69999999999999,2443.5500000000006,1872.0,3496.8290000000006,3205.523,24.200000000000003
2017-03-09,0,0,0,0,1,0,0,67.1,2441.25,2225.0,5469.156999999999,5130.853,23.110000000000003
2017-03-10,1,0,0,0,0,0,0,153.50000000000003,2441.3799999999997,2159.0,3826.746,3527.1789999999996,22.540000000000003
2017-03-11,0,0,1,0,0,0,0,158.0,2436.37,2120.0,3240.2720000000004,2932.272,22.580000000000002
2017-03-12,0,0,0,1,0,0,0,193.19999999999996,2351.64,2047.0,2700.451,2402.0089999999996,41.59
2017-03-13,0,1,0,0,0,0,0,209.19999999999996,2441.8900000000003,2224.0,2398.553,2108.024,33.46
2017-03-14,0,0,0,0,0,1,0,251.9,2422.7000000000003,2119.0,7121.446,6709.857,20.919999999999998
2017-03-15,0,0,0,0,0,0,1,217.59999999999997,2423.8900000000003,2110.0,15536.202,14858.229,22.12
2017-03-16,0,0,0,0,1,0,0,165.8,2449.43,1888.0,14996.571999999998,14333.637999999999,26.48
2017-03-17,1,0,0,0,0,0,0,128.39999999999998,2435.9600000000005,2070.0,19467.977,18652.121,26.749999999999996
2017-03-18,0,0,1,0,0,0,0,144.5,2420.2200000000007,1966.0,11114.692,10567.907,22.310000000000002
2017-03-19,0,0,0,1,0,0,0,120.00000000000001,2458.75,1799.0,3043.508,2733.068,30.249999999999993
2017-03-20,0,1,0,0,0,0,0,109.49999999999999,2441.4100000000003,1779.0,10669.161,10131.723,20.509999999999998
2017-03-21,0,0,0,0,0,1,0,200.7,2415.4300000000003,2010.0,4907.784,4551.835999999999,18.2
2017-03-22,0,0,0,0,0,0,1,220.39999999999998,2418.55,1993.0,17397.744,16655.37,17.789999999999996
2017-03-23,0,0,0,0,1,0,0,194.0,2435.59,1814.0,5523.104,5141.8189999999995,17.509999999999998
2017-03-24,1,0,0,0,0,0,0,194.20000000000002,2420.6700000000005,2060.0,14477.610999999999,13824.502000000002,21.970000000000002
2017-03-25,0,0,1,0,0,0,0,194.00000000000003,2439.6299999999997,1755.0,13579.899000000001,12954.99,29.529999999999998
2017-03-26,0,0,0,1,0,0,0,162.7,2423.13,2042.0,17755.12,17003.785,22.130000000000003
2017-03-27,0,1,0,0,0,0,0,201.10000000000002,2437.96,2021.0,21984.913999999997,21095.465999999997,26.74
2017-03-28,0,0,0,0,0,1,0,186.20000000000002,2447.77,2232.0,15309.761000000004,14649.016000000003,28.34
2017-03-29,0,0,0,0,0,0,1,200.10000000000002,2426.020000000001,2093.0,16657.421,15955.188999999998,23.939999999999998
2017-03-30,0,0,0,0,1,0,0,197.29999999999998,2448.7599999999998,1900.0,11360.074999999999,10823.632000000001,21.51
2017-03-31,1,0,0,0,0,0,0,190.29999999999998,2464.209999999999,1913.0,23079.605,22132.429,21.52
2017-04-01,0,0,1,0,0,0,0,201.0,2452.8499999999995,2110.0,6702.096,6287.2699999999995,32.22
2017-04-02,0,0,0,1,0,0,0,195.6,2457.4400000000005,1827.0,11923.306,11363.69,24.2
2017-04-03,0,1,0,0,0,0,0,151.5,2456.3699999999994,1829.0,9614.098,9111.426000000001,25.73
2017-04-04,0,0,0,0,0,1,0,198.20000000000002,2435.1399999999994,1686.0,8110.977000000001,7646.993000000001,23.950000000000003
2017-04-05,0,0,0,0,0,0,1,228.00000000000003,2427.93,2147.0,16930.546000000002,16196.162999999999,22.38
2017-04-06,0,0,0,0,1,0,0,233.8,2411.2599999999998,1994.0,21513.220999999998,20614.773999999998,21.46999999999999
2017-04-07,1,0,0,0,0,0,0,226.6,2379.59,1920.0,14758.317000000003,14092.762999999999,21.290000000000003
2017-04-08,0,0,1,0,0,0,0,180.1,2422.3999999999996,2070.0,20787.805999999997,19913.423,37.419999999999995
2017-04-09,0,0,0,1,0,0,0,194.9,2439.96,1693.0,15110.799,14433.748,22.360000000000003
2017-04-10,0,1,0,0,0,0,0,194.9,2436.6899999999996,1908.0,9331.839000000002,8824.008,22.009999999999998
2017-04-11,0,0,0,0,0,1,0,194.0,2438.2599999999998,1936.0,19862.503999999997,19007.005,24.45
2017-04-12,0,0,0,0,0,0,1,228.2,2412.810000000001,1979.0,15802.395,15102.122000000001,25.15
2017-04-13,0,0,0,0,1,0,0,210.29999999999998,2418.15,1926.0,15351.567,14657.567,18.910000000000004
2017-04-14,1,0,0,0,0,0,0,212.29999999999998,2443.1800000000003,1827.0,23100.228,22137.888,21.35
2017-04-15,0,0,1,0,0,0,0,213.6,2455.65,1837.0,24188.989999999998,23180.470999999998,29.439999999999998
2017-04-16,0,0,0,1,0,0,0,195.89999999999995,2433.9100000000008,1879.0,14364.687,13710.609,23.38
2017-04-17,0,1,0,0,0,0,0,260.50000000000006,2421.26,1965.0,25234.701999999994,24195.504000000004,19.15
2017-04-18,0,0,0,0,0,1,0,259.29999999999995,2431.4199999999996,2017.0,11416.616,10870.522,19.019999999999996
2017-04-19,0,0,0,0,0,0,1,252.5,2438.4700000000007,1846.0,24277.543,23282.827,22.220000000000002
2017-04-20,0,0,0,0,1,0,0,246.10000000000002,2452.5800000000004,2012.0,25353.459999999995,24323.778,19.460000000000004
2017-04-21,1,0,0,0,0,0,0,263.2,2461.1699999999996,1853.0,23785.734999999997,22810.218999999994,19.5
2017-04-22,0,0,1,0,0,0,0,267.70000000000005,2425.87,1848.0,19599.810999999998,18784.937,38.28
2017-04-23,0,0,0,1,0,0,0,242.6,2424.7500000000005,2071.0,4129.2,3759.199,43.839999999999996
2017-04-24,0,1,0,0,0,0,0,238.49999999999997,2418.5600000000004,2030.0,18870.328999999998,18076.779,21.390000000000004
2017-04-25,0,0,0,0,0,1,0,264.5,2426.0099999999998,1775.0,23705.92,22738.706,22.049999999999997
2017-04-26,0,0,0,0,0,0,1,261.09999999999997,2418.7599999999998,1841.0,25422.539999999997,24391.618000000002,18.019999999999996
2017-04-27,0,0,0,0,1,0,0,246.4,2439.7999999999997,1730.0,26017.216999999997,24962.782,20.85
2017-04-28,1,0,0,0,0,0,0,239.40000000000003,2460.8300000000004,1821.0,24545.638999999996,23551.826,18.61
2017-04-29,0,0,1,0,0,0,0,212.20000000000005,2452.96,1963.0,25638.314999999995,24599.288999999997,21.82
2017-04-30,0,0,0,1,0,0,0,248.9,2453.05,1791.0,25240.872,24217.936999999998,25.639999999999997
2017-05-01,0,1,0,0,0,0,0,217.5999999999999,2455.89,1968.0,24181.780000000002,23185.587,21.89
2017-05-02,0,0,0,0,0,1,0,245.5,2452.9200000000005,1864.0,19093.691,18266.538,21.509999999999998
2017-05-03,0,0,0,0,0,0,1,311.6,2448.56,2289.0,10625.498000000001,10079.608,18.21
2017-05-04,0,0,0,0,1,0,0,353.40000000000003,2428.42,2092.0,9376.253999999999,8862.104,20.79
2017-05-05,1,0,0,0,0,0,0,325.69999999999993,2421.67,1880.0,23861.513000000003,22883.394,16.720000000000002
2017-05-06,0,0,1,0,0,0,0,256.7,2445.7700000000004,1660.0,25142.079,24106.893,29.220000000000002
2017-05-07,0,0,0,1,0,0,0,242.70000000000005,2454.94,1754.0,20252.592999999997,19388.568,19.59
2017-05-08,0,1,0,0,0,0,0,275.7,2452.5399999999995,1713.0,16007.248999999998,15303.558,18.95
2017-05-09,0,0,0,0,0,1,0,281.7,2441.6899999999996,1921.0,23006.743999999995,22035.135000000002,18.66
2017-05-10,0,0,0,0,0,0,1,319.3,2428.06,1934.0,18157.612999999998,17377.993000000002,24.02
2017-05-11,0,0,0,0,1,0,0,286.79999999999995,2426.6700000000005,2167.0,18660.853999999996,17839.102999999996,17.64
2017-05-12,1,0,0,0,0,0,0,239.29999999999995,2433.0499999999997,1914.0,22670.336,21718.325,18.16
2017-05-13,0,0,1,0,0,0,0,238.80000000000004,2432.6299999999997,1871.0,23308.738,22336.221999999998,31.599999999999998
2017-05-14,0,0,0,1,0,0,0,251.29999999999998,2435.2000000000003,1895.0,11733.576,11145.192000000001,15.72
2017-05-15,0,1,0,0,0,0,0,219.2,2428.47,2062.0,17508.737000000005,16734.448,21.080000000000002
2017-05-16,0,0,0,0,0,1,0,218.0,2410.31,1945.0,23423.311000000005,22438.54,19.540000000000003
2017-05-17,0,0,0,0,0,0,1,285.90000000000003,2443.8999999999996,1793.0,20244.024000000005,19366.482000000004,22.699999999999996
2017-05-18,0,0,0,0,1,0,0,322.7,2449.8599999999997,1731.0,25546.134,24491.079,21.310000000000002
2017-05-19,1,0,0,0,0,0,0,331.4,2447.36,1784.0,21951.843999999994,21029.472000000005,22.7
2017-05-20,0,0,1,0,0,0,0,346.99999999999994,2450.13,1867.0,9345.353000000001,8814.363999999998,24.39
2017-05-21,0,0,0,1,0,0,0,370.69999999999993,2455.33,1895.0,17634.310999999998,16849.577999999998,18.17
2017-05-22,0,1,0,0,0,0,0,398.4000000000001,2448.1700000000005,1714.0,10764.746000000001,10192.885,19.419999999999998
2017-05-23,0,0,0,0,0,1,0,391.40000000000003,2433.96,1626.0,23088.302,22114.273999999998,17.13
2017-05-24,0,0,0,0,0,0,1,302.70000000000005,2433.6600000000003,1679.0,10659.313,10085.266000000003,20.769999999999996
2017-05-25,0,0,0,0,1,0,0,330.79999999999995,2427.9799999999996,1843.0,15746.307999999999,15025.315,19.990000000000006
2017-05-26,1,0,0,0,0,0,0,372.3,2433.2800000000007,1818.0,22331.862,21362.742,19.030000000000005
2017-05-27,0,0,1,0,0,0,0,409.09999999999997,2442.42,1698.0,24504.703999999998,23465.603,18.3
2017-05-28,0,0,0,1,0,0,0,450.3,2442.480000000001,1574.0,19413.015,18558.441,23.650000000000002
2017-05-29,0,1,0,0,0,0,0,421.29999999999995,2434.9500000000003,1710.0,25270.438,24204.14,16.31
2017-05-30,0,0,0,0,0,1,0,316.00000000000006,2432.3700000000003,2054.0,9681.515000000001,9133.029999999999,20.870000000000005
2017-05-31,0,0,0,0,0,0,1,333.59999999999997,2427.74,1995.0,24498.446999999996,23461.386,20.07
2017-06-01,0,0,0,0,1,0,0,355.0000000000001,2428.2999999999997,1953.0,21955.654,20984.208,20.4
2017-06-02,1,0,0,0,0,0,0,355.8,2439.850000000001,1868.0,20822.332,19928.935999999998,19.8
2017-06-03,0,0,1,0,0,0,0,343.1,2438.6699999999996,1761.0,20913.483,20015.926,31.889999999999997
2017-06-04,0,0,0,1,0,0,0,333.1,2443.3700000000003,1599.0,20356.163999999997,19474.574000000004,20.540000000000003
2017-06-05,0,1,0,0,0,0,0,332.49999999999994,2448.9300000000003,1587.0,12769.23,12134.869999999999,19.230000000000004
2017-06-06,0,0,0,0,0,1,0,428.99999999999994,2433.38,1454.0,8843.811000000002,8333.064999999999,18.719999999999995
2017-06-07,0,0,0,0,0,0,1,437.69999999999993,2417.19,1497.0,8570.593,8068.888999999999,24.77
2017-06-08,0,0,0,0,1,0,0,334.90000000000003,2414.7099999999996,2010.0,9502.861,8971.876,15.19
2017-06-09,1,0,0,0,0,0,0,318.1,2426.15,1663.0,10872.747000000001,10302.511999999997,17.320000000000004
2017-06-10,0,0,1,0,0,0,0,335.7,2424.72,1764.0,14685.188,13998.121,18.36
2017-06-11,0,0,0,1,0,0,0,356.3999999999999,2436.2000000000003,1799.0,8358.264,7861.075,17.959999999999997
2017-06-12,0,1,0,0,0,0,0,387.8,2434.4500000000003,1741.0,18421.588000000003,17606.82,14.319999999999999
2017-06-13,0,0,0,0,0,1,0,318.4,2441.959999999999,1760.0,14592.677999999998,13900.964000000002,18.939999999999998
2017-06-14,0,0,0,0,0,0,1,319.8,2442.83,1618.0,11658.853000000001,11070.072,27.680000000000003
2017-06-15,0,0,0,0,1,0,0,318.9,2424.53,2039.0,21376.329999999998,20464.632,23.770000000000003
2017-06-16,1,0,0,0,0,0,0,379.90000000000003,2436.05,1717.0,25639.269000000004,24575.829,14.490000000000002
2017-06-17,0,0,1,0,0,0,0,330.3,2448.859999999999,1739.0,24641.094999999998,23617.723,13.030000000000003
2017-06-18,0,0,0,1,0,0,0,325.30000000000007,2450.5900000000006,2156.0,5857.021,5421.929000000001,10.46
2017-06-19,0,1,0,0,0,0,0,363.7,2441.21,2183.0,17436.733,16671.896,10.06
2017-06-20,0,0,0,0,0,1,0,400.2000000000001,2442.6900000000005,1973.0,24834.103999999996,23801.855,9.81
2017-06-21,0,0,0,0,0,0,1,368.4000000000001,2457.6199999999994,1708.0,24296.472,23281.998000000003,10.05
2017-06-22,0,0,0,0,1,0,0,374.8,2460.380000000001,1758.0,23943.231,22950.196,10.110000000000001
2017-06-23,1,0,0,0,0,0,0,411.99999999999994,2454.18,1746.0,23162.179,22183.047,9.719999999999999
2017-06-24,0,0,1,0,0,0,0,461.20000000000005,2446.35,1698.0,16249.903999999999,15512.174,9.540000000000001
2017-06-25,0,0,0,1,0,0,0,491.6000000000001,2429.57,1717.0,24850.154,23819.677,9.21
2017-06-26,0,1,0,0,0,0,0,433.1,2428.6200000000003,1692.0,24776.643,23748.992999999995,9.060000000000002
2017-06-27,0,0,0,0,0,1,0,394.20000000000005,2436.2000000000003,1731.0,23846.002,22855.645999999997,9.360000000000001
2017-06-28,0,0,0,0,0,0,1,401.8,2436.8999999999996,1781.0,23741.693,22755.665000000005,33.43
2017-06-29,0,0,0,0,1,0,0,429.00000000000006,2445.93,1763.0,23610.266,22623.075,22.35
2017-06-30,1,0,0,0,0,0,0,451.3999999999999,2438.65,1803.0,12210.52,11590.730000000001,17.880000000000003
2017-07-01,0,0,1,0,0,0,0,416.79999999999995,2438.36,1691.0,21535.222,20631.121000000003,23.59
2017-07-02,0,0,0,1,0,0,0,440.3999999999999,2439.9100000000008,1613.0,22173.272,21230.587000000003,16.9
2017-07-03,0,1,0,0,0,0,0,414.1999999999999,2447.6299999999997,1612.0,19815.642,18964.536,18.770000000000003
2017-07-04,0,0,0,0,0,1,0,413.0,2440.8299999999995,1729.0,19762.231,18902.628000000004,16.74
2017-07-05,0,0,0,0,0,0,1,454.00000000000006,2436.91,1668.0,24901.744000000006,23874.29,16.470000000000002
2017-07-06,0,0,0,0,1,0,0,464.8,2443.8500000000004,1619.0,22543.489999999998,21603.751000000004,18.6
2017-07-07,1,0,0,0,0,0,0,450.40000000000003,2447.5,1464.0,4497.615,4097.138,13.94
2017-07-08,0,0,1,0,0,0,0,430.40000000000003,2445.63,1695.0,19640.834000000003,18793.195,15.940000000000001
2017-07-09,0,0,0,1,0,0,0,455.4000000000001,2441.4499999999994,1675.0,24914.797,23886.433,19.68
2017-07-10,0,1,0,0,0,0,0,429.8,2438.1400000000003,1722.0,23589.478,22614.758,19.08
2017-07-11,0,0,0,0,0,1,0,413.3999999999999,2442.25,1728.0,24093.588,23102.381999999998,18.18
2017-07-12,0,0,0,0,0,0,1,435.40000000000003,2437.6500000000005,1547.0,23995.102000000006,23008.009000000002,21.07
2017-07-13,0,0,0,0,1,0,0,443.00000000000006,2443.02,1596.0,18464.096999999998,17666.487,14.54
2017-07-14,1,0,0,0,0,0,0,424.6000000000001,2447.08,1636.0,11458.009000000002,10881.817000000001,16.21
2017-07-15,0,0,1,0,0,0,0,447.4,2448.1599999999994,1483.0,24391.016999999996,23391.756000000005,27.6
2017-07-16,0,0,0,1,0,0,0,427.70000000000005,2453.4300000000003,1469.0,24062.063000000006,23054.836,22.290000000000003
2017-07-17,0,1,0,0,0,0,0,429.5,2444.03,1650.0,22124.716999999997,21180.385000000002,17.89
2017-07-18,0,0,0,0,0,1,0,450.49999999999994,2437.2599999999998,1612.0,21734.324000000004,20796.749000000003,15.12
2017-07-19,0,0,0,0,0,0,1,457.10000000000014,2438.8299999999995,1346.0,19379.419,18533.222000000005,13.749999999999998
2017-07-20,0,0,0,0,1,0,0,457.69999999999993,2441.89,1611.0,24473.262,23448.004,19.959999999999997
2017-07-21,1,0,0,0,0,0,0,417.3,2448.1199999999994,1762.0,24355.054,23333.791000000005,12.34
2017-07-22,0,0,1,0,0,0,0,437.80000000000007,2449.96,1971.0,23730.046000000002,22733.103,10.650000000000002
2017-07-23,0,0,0,1,0,0,0,450.50000000000006,2441.9599999999996,1889.0,23195.219,22219.159,14.55
2017-07-24,0,1,0,0,0,0,0,442.0,2437.8700000000003,1840.0,22755.663,21786.852,21.150000000000002
2017-07-25,0,0,0,0,0,1,0,464.0,2437.2799999999997,1804.0,8523.081,8008.325000000001,18.22
2017-07-26,0,0,0,0,0,0,1,462.7,2439.1200000000003,1623.0,8314.913,7804.6219999999985,13.820000000000002
2017-07-27,0,0,0,0,1,0,0,425.4,2443.71,1673.0,22336.813000000006,21393.679,8.66
2017-07-28,1,0,0,0,0,0,0,419.4,2443.5,1738.0,6327.021000000001,5869.585000000001,19.76
2017-07-29,0,0,1,0,0,0,0,458.9000000000001,2446.2699999999995,1495.0,17373.964,16586.245,11.739999999999997
2017-07-30,0,0,0,1,0,0,0,465.8999999999999,2455.2799999999997,1710.0,16749.197,15977.640999999998,19.270000000000003
2017-07-31,0,1,0,0,0,0,0,462.1,2455.7700000000004,1688.0,24327.321000000004,23317.205,10.540000000000003
2017-08-01,0,0,0,0,0,1,0,479.6,2447.3999999999996,1822.0,14003.502,13335.517,11.79
2017-08-02,0,0,0,0,0,0,1,483.20000000000005,2440.57,1822.0,24405.29,23394.891,14.23
2017-08-03,0,0,0,0,1,0,0,484.79999999999995,2433.1400000000003,1809.0,24267.717999999997,23263.011,11.970000000000002
2017-08-04,1,0,0,0,0,0,0,449.0,2425.88,1918.0,23640.260000000006,22660.150999999998,12.1
2017-08-05,0,0,1,0,0,0,0,468.1000000000001,2428.0899999999997,1820.0,23882.023999999998,22894.961,17.529999999999998
2017-08-06,0,0,0,1,0,0,0,448.3,2432.06,1962.0,18992.569,18156.689,9.07
2017-08-07,0,1,0,0,0,0,0,454.49999999999994,2434.8199999999997,1990.0,18743.038,17919.419000000005,19.54
2017-08-08,0,0,0,0,0,1,0,468.9999999999999,2433.5499999999997,2060.0,23345.451,22379.629,14.32
2017-08-09,0,0,0,0,0,0,1,482.0000000000001,2431.4200000000005,1932.0,21153.695,20246.351,13.07
2017-08-10,0,0,0,0,1,0,0,495.2000000000001,2431.3800000000006,1880.0,9109.604000000001,8598.298,16.13
2017-08-11,1,0,0,0,0,0,0,472.6,2428.55,1851.0,11418.423999999999,10837.689999999999,11.03
2017-08-12,0,0,1,0,0,0,0,425.8,2428.1399999999994,1739.0,21319.659000000003,20411.378,17.74
2017-08-13,0,0,0,1,0,0,0,423.9,2432.0,1909.0,23139.054,22181.994,12.44
2017-08-14,0,1,0,0,0,0,0,406.1,2435.1699999999996,1700.0,22928.015,21998.755,15.39
2017-08-15,0,0,0,0,0,1,0,419.20000000000005,2433.5800000000004,1791.0,22917.565,21987.111999999997,12.479999999999999
2017-08-16,0,0,0,0,0,0,1,429.40000000000003,2441.08,1759.0,5698.781,5300.744999999999,12.430000000000003
2017-08-17,0,0,0,0,1,0,0,447.00000000000006,2447.5000000000005,1798.0,13778.345,13145.271999999999,11.799999999999999
2017-08-18,1,0,0,0,0,0,0,428.29999999999995,2446.2999999999997,1754.0,23220.814000000002,22276.657000000003,9.02
2017-08-19,0,0,1,0,0,0,0,428.0,2449.78,1669.0,22321.93,21416.366000000005,14.479999999999997
2017-08-20,0,0,0,1,0,0,0,418.69999999999993,2447.43,1719.0,21450.803,20571.926,25.71
2017-08-21,0,1,0,0,0,0,0,433.5,2444.6899999999996,1858.0,23120.633,22185.822999999997,10.950000000000001
2017-08-22,0,0,0,0,0,1,0,503.29999999999995,2434.87,1758.0,18427.221,17649.854999999996,13.35
2017-08-23,0,0,0,0,0,0,1,452.30000000000007,2434.85,1682.0,19322.492000000002,18509.221,16.7
2017-08-24,0,0,0,0,1,0,0,426.7000000000001,2438.37,1447.0,23478.285999999996,22534.101,5.960000000000001
2017-08-25,1,0,0,0,0,0,0,398.7000000000001,2442.95,1701.0,20239.409,19413.847999999998,5.450000000000002
2017-08-26,0,0,1,0,0,0,0,428.80000000000007,2449.0,1660.0,22462.045,21538.395999999997,5.97
2017-08-27,0,0,0,1,0,0,0,474.6,2442.0099999999998,1828.0,18510.716,17706.981,15.709999999999999
2017-08-28,0,1,0,0,0,0,0,490.8000000000001,2429.6300000000006,1856.0,16195.464999999998,15489.479999999998,15.250000000000004
2017-08-29,0,0,0,0,0,1,0,537.3,2422.5299999999997,1528.0,15526.313,14817.255000000001,14.200000000000001
2017-08-30,0,0,0,0,0,0,1,445.5,2433.81,1781.0,9320.089,8821.347,15.000000000000002
2017-08-31,0,0,0,0,1,0,0,438.4,2445.9599999999996,1886.0,21093.149,20220.554999999997,16.1
2017-09-01,1,0,0,0,0,0,0,437.8,2446.79,1790.0,20371.868000000006,19531.977000000003,13.040000000000001
2017-09-02,0,0,1,0,0,0,0,497.2,2437.0600000000004,1515.0,15397.235,14708.486000000003,13.769999999999998
2017-09-03,0,0,0,1,0,0,0,509.90000000000003,2438.01,1882.0,18584.671,17802.828999999998,19.07
2017-09-04,0,1,0,0,0,0,0,517.2000000000002,2437.1800000000003,1862.0,5114.624999999999,4733.233,16.57
2017-09-05,0,0,0,0,0,1,0,503.40000000000003,2429.3399999999997,1844.0,21824.219,20926.124,15.029999999999998
2017-09-06,0,0,0,0,0,0,1,513.3,2429.7700000000004,1716.0,16833.804,16126.993999999999,15.58
2017-09-07,0,0,0,0,1,0,0,463.5000000000001,2428.05,1984.0,23202.987,22272.894000000004,15.69
2017-09-08,1,0,0,0,0,0,0,429.79999999999995,2431.2799999999997,2131.0,16261.939,15551.399999999998,14.030000000000001
2017-09-09,0,0,1,0,0,0,0,352.3,2439.8000000000006,2044.0,19137.22,18333.060999999998,15.22
2017-09-10,0,0,0,1,0,0,0,381.6,2458.1599999999994,1917.0,12240.568000000001,11667.13,30.02
2017-09-11,0,1,0,0,0,0,0,428.2000000000001,2447.26,1764.0,14555.795,13909.029999999999,18.070000000000004
2017-09-12,0,0,0,0,0,1,0,409.59999999999997,2435.7100000000005,1956.0,11678.946,11132.284999999998,14.61
2017-09-13,0,0,0,0,0,0,1,366.90000000000003,2433.2599999999998,1906.0,14293.655999999999,13666.160999999998,11.49
2017-09-14,0,0,0,0,1,0,0,354.40000000000003,2434.8200000000006,1831.0,11022.957,10470.951,19.23
2017-09-15,1,0,0,0,0,0,0,357.8,2440.89,1580.0,6245.456,5863.156,15.51
2017-09-16,0,0,1,0,0,0,0,379.50000000000006,2435.1000000000004,1438.0,4187.874,3859.234,22.74
2017-09-17,0,0,0,1,0,0,0,325.9000000000001,2418.2200000000003,1777.0,8269.346,7826.812999999999,18.95
2017-09-18,0,1,0,0,0,0,0,306.1,2414.6899999999996,1773.0,5534.773999999999,5177.004,14.34
2017-09-19,0,0,0,0,0,1,0,279.2,2413.910000000001,2025.0,10456.168,9958.677,14.800000000000002
2017-09-20,0,0,0,0,0,0,1,294.9,2413.0699999999997,1981.0,16805.262,16095.159,14.23
2017-09-21,0,0,0,0,1,0,0,308.29999999999995,2431.330000000001,1912.0,21526.917999999998,20677.802000000003,20.22
2017-09-22,1,0,0,0,0,0,0,317.6,2439.3300000000004,1823.0,3870.088,3548.404,22.419999999999998
2017-09-23,0,0,1,0,0,0,0,342.79999999999995,2443.1299999999997,1786.0,8893.315999999999,8441.600999999999,23.369999999999997
2017-09-24,0,0,0,1,0,0,0,342.90000000000003,2446.7499999999995,1803.0,18396.511,17611.122000000003,35.290000000000006
2017-09-25,0,1,0,0,0,0,0,354.60000000000014,2444.6700000000005,2087.0,12622.195,12025.874,21.330000000000002
2017-09-26,0,0,0,0,0,1,0,363.7,2451.1200000000003,2139.0,7719.067,7277.783,19.470000000000002
2017-09-27,0,0,0,0,0,0,1,342.49999999999994,2445.26,2204.0,14573.336000000001,13913.328000000001,21.71
2017-09-28,0,0,0,0,1,0,0,391.30000000000007,2430.46,1924.0,13625.538,13000.51,16.310000000000002
2017-09-29,1,0,0,0,0,0,0,363.69999999999993,2428.7599999999998,2026.0,8123.338000000001,7668.7880000000005,22.470000000000002
2017-09-30,0,0,1,0,0,0,0,298.9,2440.88,2054.0,9225.389,8739.173,21.780000000000005
2017-10-01,0,0,0,1,0,0,0,292.4,2446.4799999999996,2039.0,4722.887,4360.704,27.849999999999998
2017-10-02,0,1,0,0,0,0,0,292.40000000000003,2452.3900000000003,1911.0,13827.561,13203.912999999999,20.639999999999997
2017-10-03,0,0,0,0,0,1,0,278.20000000000005,2460.09,1655.0,22687.773,21766.317999999996,18.53
2017-10-04,0,0,0,0,0,0,1,264.19999999999993,2451.8600000000006,1816.0,21424.524,20548.415999999997,16.49
2017-10-05,0,0,0,0,1,0,0,258.90000000000003,2450.82,1915.0,10461.192000000001,9941.577000000001,20.63
2017-10-06,1,0,0,0,0,0,0,274.00000000000006,2433.8800000000006,1974.0,17706.588000000003,16970.517999999996,18.34
2017-10-07,0,0,1,0,0,0,0,277.1,2430.3099999999995,1884.0,16278.310000000001,15571.534,26.310000000000002
2017-10-08,0,0,0,1,0,0,0,244.59999999999997,2455.1199999999994,1972.0,6899.857000000001,6486.432000000001,19.27
2017-10-09,0,1,0,0,0,0,0,237.80000000000004,2454.93,1976.0,4469.273,4118.790000000001,24.1
2017-10-10,0,0,0,0,0,1,0,221.60000000000005,2426.1899999999996,2017.0,4069.512,3736.994,26.939999999999994
2017-10-11,0,0,0,0,0,0,1,203.2,2436.359999999999,2001.0,17820.610999999997,17062.61,21.909999999999997
2017-10-12,0,0,0,0,1,0,0,183.8,2438.89,2160.0,14901.572000000002,14240.217,18.330000000000002
2017-10-13,1,0,0,0,0,0,0,192.00000000000003,2450.3099999999995,1979.0,4465.186000000001,4127.866999999999,21.94
2017-10-14,0,0,1,0,0,0,0,198.09999999999997,2475.2700000000004,1925.0,15312.461999999998,14657.410999999998,34.49999999999999
2017-10-15,0,0,0,1,0,0,0,257.40000000000003,2463.6800000000007,1894.0,5026.155,4678.147000000001,25.050000000000004
2017-10-16,0,1,0,0,0,0,0,264.0,2448.9999999999995,2166.0,12222.225,11652.66,19.759999999999998
2017-10-17,0,0,0,0,0,1,0,278.6,2432.1400000000003,1946.0,3154.91,2854.1989999999996,18.77
2017-10-18,0,0,0,0,0,0,1,239.2,2413.14,2032.0,3467.896,3168.57,19.61
2017-10-19,0,0,0,0,1,0,0,257.79999999999995,2394.939999999999,2173.0,3318.8529999999996,3024.326,18.560000000000002
2017-10-20,1,0,0,0,0,0,0,218.90000000000006,2409.8199999999997,2148.0,7725.567,7311.165999999999,17.909999999999997
2017-10-21,0,0,1,0,0,0,0,190.99999999999994,2413.4700000000003,2147.0,9461.082,8993.740999999998,25.810000000000002
2017-10-22,0,0,0,1,0,0,0,269.3,2438.3700000000003,1933.0,5585.745999999999,5231.232,21.459999999999997
2017-10-23,0,1,0,0,0,0,0,264.4,2486.2000000000003,1991.0,8401.816,7976.264,22.94
2017-10-24,0,0,0,0,0,1,0,226.6,2474.65,2181.0,16539.951,15858.525,18.8
2017-10-25,0,0,0,0,0,0,1,243.50000000000003,2446.7599999999993,2247.0,9562.505000000003,9089.944000000001,18.029999999999998
2017-10-26,0,0,0,0,1,0,0,241.9,2460.2299999999996,2222.0,3022.314,2740.3399999999997,20.32
2017-10-27,1,0,0,0,0,0,0,215.59999999999997,2453.5699999999993,2263.0,3115.806,2832.24,18.99
2017-10-28,0,0,1,0,0,0,0,217.6,2438.6099999999997,2280.0,9143.322999999999,8707.062000000002,20.229999999999997
2017-10-29,0,0,0,1,0,0,0,200.00000000000006,2442.6499999999996,2306.0,15725.501999999999,15084.462999999998,33.410000000000004
2017-10-30,0,1,0,0,0,0,0,171.29999999999998,2454.2900000000004,1981.0,4847.683,4519.034,19.790000000000003
2017-10-31,0,0,0,0,0,1,0,154.89999999999998,2437.4,2084.0,2853.0609999999997,2574.5660000000003,19.990000000000002
2017-11-01,0,0,0,0,0,0,1,213.60000000000005,2417.0799999999995,2046.0,1567.6469999999997,1319.162,21.770000000000003
2017-11-02,0,0,0,0,1,0,0,138.5,2410.640000000001,2068.0,1522.6850000000002,1284.657,17.18
2017-11-03,1,0,0,0,0,0,0,42.89999999999999,2437.0200000000004,1564.0,14529.795000000002,13935.796999999999,22.019999999999996
2017-11-04,0,0,1,0,0,0,0,6.499999999999999,2437.0499999999997,1892.0,12635.588,12089.562,23.17
2017-11-05,0,0,0,1,0,0,0,64.5,2533.5799999999995,1514.0,9466.239000000001,9018.242999999999,40.22
2017-11-06,0,1,0,0,0,0,0,24.4,2459.3399999999997,1434.0,3615.958,3329.0049999999997,22.869999999999997
2017-11-07,0,0,0,0,0,1,0,97.8,2452.55,1534.0,7320.286999999999,6925.2699999999995,22.189999999999998
2017-11-08,0,0,0,0,0,0,1,158.9,2323.7400000000002,1512.0,2306.9359999999997,2074.834,17.529999999999998
2017-11-09,0,0,0,0,1,0,0,192.09999999999997,2415.689999999999,2057.0,4711.736000000001,4388.4130000000005,23.08
2017-11-10,1,0,0,0,0,0,0,184.2,2429.67,2247.0,3017.661,2733.692,23.169999999999998
2017-11-11,0,0,1,0,0,0,0,192.49999999999997,2434.5400000000004,2156.0,9724.795000000002,9257.560000000001,24.640000000000004
2017-11-12,0,0,0,1,0,0,0,207.0,2426.22,2240.0,4877.987,4572.847,20.9
2017-11-13,0,1,0,0,0,0,0,219.50000000000003,2403.5200000000004,1994.0,6988.232,6606.936,19.71
2017-11-14,0,0,0,0,0,1,0,208.70000000000005,2424.1699999999996,1957.0,1712.1549999999997,1476.9850000000001,22.499999999999996
2017-11-15,0,0,0,0,0,0,1,197.99999999999994,2402.87,2039.0,2350.641,2116.827,25.660000000000004
2017-11-16,0,0,0,0,1,0,0,163.1,2401.9600000000005,2104.0,4587.534000000001,4284.54,20.679999999999996
2017-11-17,1,0,0,0,0,0,0,150.79999999999998,2436.43,2029.0,8983.793,8563.297,20.93
2017-11-18,0,0,1,0,0,0,0,191.09999999999997,2452.4100000000003,2042.0,4989.994000000001,4683.330999999999,22.209999999999994
2017-11-19,0,0,0,1,0,0,0,169.00000000000003,2417.5200000000004,2094.0,8674.027,8264.384,31.410000000000004
2017-11-20,0,1,0,0,0,0,0,147.3,2415.8399999999997,2275.0,12660.975,12145.123,21.28
2017-11-21,0,0,0,0,0,1,0,154.5,2431.95,2253.0,8310.423999999999,7930.785999999998,17.23
2017-11-22,0,0,0,0,0,0,1,323.20000000000005,2424.8800000000006,2263.0,2461.9359999999997,2213.138,19.35
2017-11-23,0,0,0,0,1,0,0,254.70000000000002,2419.41,1998.0,1539.7100000000003,1354.5500000000002,19.759999999999998
2017-11-24,1,0,0,0,0,0,0,209.4,2435.6,2011.0,981.239,807.0699999999999,17.220000000000002
2017-11-25,0,0,1,0,0,0,0,229.10000000000002,2428.48,1877.0,1344.101,1162.512,25.08
2017-11-26,0,0,0,1,0,0,0,229.7,2397.8999999999996,2003.0,6455.43,6148.134,20.78
2017-11-27,0,1,0,0,0,0,0,162.7,2436.5900000000006,2004.0,3775.9929999999995,3535.063,19.54
2017-11-28,0,0,0,0,0,1,0,151.69999999999996,2433.84,2149.0,3503.965,3276.0580000000004,21.459999999999997
2017-11-29,0,0,0,0,0,0,1,134.2,2461.4899999999993,2223.0,7281.9039999999995,6952.2119999999995,21.680000000000003
2017-11-30,0,0,0,0,1,0,0,155.5,2446.1099999999997,2187.0,1443.416,1260.1860000000001,18.94
2017-12-01,1,0,0,0,0,0,0,150.79999999999998,2434.55,2258.0,7402.285000000001,7058.040000000001,16.279999999999998
2017-12-02,0,0,1,0,0,0,0,131.6,2427.9700000000003,2205.0,1671.0510000000002,1483.197,19.72
2017-12-03,0,0,0,1,0,0,0,95.49999999999999,2448.76,2098.0,4946.929,4672.842,41.06
2017-12-04,0,1,0,0,0,0,0,87.7,2482.5299999999993,2073.0,1265.1870000000001,1085.485,26.429999999999996
2017-12-05,0,0,0,0,0,1,0,63.000000000000014,2491.33,2140.0,7391.037,7055.153,21.58
2017-12-06,0,0,0,0,0,0,1,86.49999999999999,2491.6400000000003,2335.0,10277.354,9865.648,20.799999999999997
2017-12-07,0,0,0,0,1,0,0,74.49999999999999,2482.7999999999993,2400.0,3462.048,3236.1110000000003,19.78
2017-12-08,1,0,0,0,0,0,0,56.49999999999999,2479.5100000000007,2400.0,9302.506,8921.601,22.800000000000004
2017-12-09,0,0,1,0,0,0,0,33.4,2473.0399999999995,2398.0,2964.0899999999997,2748.943,18.900000000000002
2017-12-10,0,0,0,1,0,0,0,104.09999999999998,2471.7299999999987,2317.0,2168.005,1967.4740000000002,25.480000000000004
2017-12-11,0,1,0,0,0,0,0,73.0,2465.7800000000007,2230.0,955.6560000000001,781.991,21.180000000000003
2017-12-12,0,0,0,0,0,1,0,115.8,2473.86,2211.0,919.254,746.281,18.929999999999996
2017-12-13,0,0,0,0,0,0,1,108.70000000000002,2472.66,2289.0,1715.419,1526.1100000000001,20.380000000000003
2017-12-14,0,0,0,0,1,0,0,64.9,2464.15,2378.0,843.965,672.432,25.27
2017-12-15,1,0,0,0,0,0,0,124.5,2451.89,2215.0,4749.529,4484.188,20.05999999999999
2017-12-16,0,0,1,0,0,0,0,108.69999999999999,2458.91,2290.0,5636.984,5342.762,23.29
2017-12-17,0,0,0,1,0,0,0,139.59999999999997,2439.56,2330.0,3383.148,3153.233,30.75
2017-12-18,0,1,0,0,0,0,0,152.10000000000005,2439.2099999999996,2172.0,6424.369,6118.725,24.790000000000003
2017-12-19,0,0,0,0,0,1,0,60.3,2410.64,2301.0,3187.25,2960.877,24.93
2017-12-20,0,0,0,0,0,0,1,35.00000000000001,2452.4,1952.0,5494.324999999999,5215.666000000001,26.67
2017-12-21,0,0,0,0,1,0,0,4.300000000000001,2469.46,2097.0,3268.033,3043.2280000000005,23.36
2017-12-22,1,0,0,0,0,0,0,34.699999999999996,2461.4199999999996,1930.0,1882.977,1690.2250000000001,25.46
2017-12-23,0,0,1,0,0,0,0,-40.900000000000006,2478.24,1578.0,12635.117999999999,12144.135000000002,28.030000000000005
2017-12-24,0,0,0,1,0,0,0,-39.90000000000001,2462.3199999999997,1820.0,1388.557,1206.197,38.0
2017-12-25,0,1,0,0,0,0,0,-3.2999999999999994,2460.9900000000007,1976.0,1233.5149999999999,1054.401,49.11
2017-12-26,0,0,0,0,0,1,0,-6.100000000000001,2464.729999999999,1813.0,10043.914,9634.489,50.93
2017-12-27,0,0,0,0,0,0,1,13.899999999999999,2459.769999999999,2204.0,4007.0339999999997,3762.96,48.31
2017-12-28,0,0,0,0,1,0,0,76.5,2441.1200000000003,2322.0,1385.535,1206.498,43.69
2017-12-29,1,0,0,0,0,0,0,69.0,2425.32,2363.0,6743.449999999999,6427.44,48.55
2017-12-30,0,0,1,0,0,0,0,60.599999999999994,2448.3700000000003,2108.0,2113.975,1894.185,42.489999999999995
2017-12-31,0,0,0,1,0,0,0,-9.199999999999996,2464.08,2139.0,3806.31,3546.863,52.779999999999994
2018-01-01,0,1,0,0,0,0,0,-24.800000000000004,2472.0899999999997,2210.0,4130.735999999999,3863.141,45.989999999999995
2018-01-02,0,0,0,0,0,1,0,1.2000000000000022,2468.01,2238.0,13555.077,13020.662999999999,43.86
2018-01-03,0,0,0,0,0,0,1,47.89999999999999,2453.69,2321.0,14369.589999999998,13807.356,44.86
2018-01-04,0,0,0,0,1,0,0,80.60000000000001,2439.2500000000005,2294.0,14049.7,13474.96,44.25000000000001
2018-01-05,1,0,0,0,0,0,0,167.70000000000002,2433.68,2295.0,13921.015000000001,13354.079,42.84
2018-01-06,0,0,1,0,0,0,0,146.9,2450.8099999999995,2229.0,1742.731,1531.454,37.97
2018-01-07,0,0,0,1,0,0,0,136.49999999999997,2441.28,2219.0,3454.2659999999996,3188.676,41.26
2018-01-08,0,1,0,0,0,0,0,159.20000000000002,2419.4800000000005,2281.0,5990.694,5664.196,38.31
2018-01-09,0,0,0,0,0,1,0,151.5,2405.7100000000005,2225.0,1811.7829999999997,1595.497,36.83000000000001
2018-01-10,0,0,0,0,0,0,1,122.3,2430.7599999999998,2149.0,1137.832,937.8169999999999,37.589999999999996
2018-01-11,0,0,0,0,1,0,0,102.39999999999999,2426.84,2243.0,1152.2079999999999,951.489,38.74
2018-01-12,1,0,0,0,0,0,0,89.10000000000001,2455.7,2348.0,1910.2230000000002,1689.0919999999996,45.73
2018-01-13,0,0,1,0,0,0,0,149.29999999999998,2470.26,2320.0,1572.8260000000002,1358.342,43.84
2018-01-14,0,0,0,1,0,0,0,86.9,2454.74,2397.0,1031.291,827.451,39.59999999999998
2018-01-15,0,1,0,0,0,0,0,114.6,2436.8799999999997,2268.0,1826.2390000000003,1603.333,40.080000000000005
2018-01-16,0,0,0,0,0,1,0,225.50000000000006,2444.7700000000004,1984.0,985.4930000000002,782.6410000000001,31.470000000000002
2018-01-17,0,0,0,0,0,0,1,218.3,2424.6400000000003,1926.0,6354.936,5998.877,24.24
2018-01-18,0,0,0,0,1,0,0,186.5,2412.79,1966.0,9537.596000000001,9096.990000000002,24.36
2018-01-19,1,0,0,0,0,0,0,159.60000000000002,2420.64,2053.0,14153.334999999997,13581.107,24.619999999999997
2018-01-20,0,0,1,0,0,0,0,146.0,2430.5800000000004,2075.0,9165.468,8739.880000000001,25.62
2018-01-21,0,0,0,1,0,0,0,191.70000000000002,2416.0699999999997,1842.0,15387.465,14773.331000000002,37.099999999999994
2018-01-22,0,1,0,0,0,0,0,147.49999999999997,2447.73,2037.0,4253.099,3965.1569999999992,31.87
2018-01-23,0,0,0,0,0,1,0,133.70000000000002,2431.7300000000005,2066.0,5415.161999999999,5092.977000000001,30.53
2018-01-24,0,0,0,0,0,0,1,168.50000000000006,2405.5899999999997,2204.0,15335.806,14725.309,28.27
2018-01-25,0,0,0,0,1,0,0,98.80000000000001,2412.07,2103.0,9141.141,8719.767,29.100000000000005
2018-01-26,1,0,0,0,0,0,0,106.60000000000002,2438.4100000000003,2049.0,4955.909000000001,4639.9310000000005,28.840000000000003
2018-01-27,0,0,1,0,0,0,0,102.39999999999999,2436.51,2189.0,9384.655999999999,8974.151,30.560000000000002
2018-01-28,0,0,0,1,0,0,0,151.9,2459.5199999999995,2263.0,4673.355,4393.296,36.690000000000005
2018-01-29,0,1,0,0,0,0,0,209.40000000000003,2431.3399999999997,2195.0,4937.022,4654.37,28.540000000000006
2018-01-30,0,0,0,0,0,1,0,130.3,2440.1899999999996,2006.0,5429.428,5132.535,23.74
2018-01-31,0,0,0,0,0,0,1,82.5,2451.25,2194.0,14483.339,13910.698,31.38
2018-02-01,0,0,0,0,1,0,0,125.5,2450.58,2259.0,8226.162,7854.699,26.97
2018-02-02,1,0,0,0,0,0,0,170.29999999999998,2448.24,2273.0,10651.497,10209.954000000002,26.89
2018-02-03,0,0,1,0,0,0,0,195.9,2455.0099999999998,2286.0,11411.935,10941.779000000002,22.210000000000004
2018-02-04,0,0,0,1,0,0,0,218.30000000000004,2440.4100000000003,2201.0,10133.477,9694.981,37.440000000000005
2018-02-05,0,1,0,0,0,0,0,178.1,2446.6499999999996,2212.0,1927.132,1711.819,25.249999999999996
2018-02-06,0,0,0,0,0,1,0,164.70000000000005,2460.309999999999,2241.0,1786.157,1573.963,23.540000000000006
2018-02-07,0,0,0,0,0,0,1,198.6,2462.56,2282.0,3338.491,3070.393,29.249999999999996
2018-02-08,0,0,0,0,1,0,0,200.80000000000004,2445.1,2058.0,8757.923999999999,8334.561,22.98
2018-02-09,1,0,0,0,0,0,0,117.09999999999998,2460.4599999999996,1990.0,9870.671,9425.425,26.169999999999998
2018-02-10,0,0,1,0,0,0,0,46.4,2468.2199999999993,1845.0,4491.392000000001,4175.01,33.25
2018-02-11,0,0,0,1,0,0,0,84.30000000000001,2441.2999999999997,1795.0,17256.694,16570.833,35.44999999999999
2018-02-12,0,1,0,0,0,0,0,32.6,2464.21,1212.0,16631.224000000002,15961.141000000001,43.55000000000001
2018-02-13,0,0,0,0,0,1,0,42.39999999999999,2456.47,1679.0,18492.488,17748.150999999998,29.759999999999998
2018-02-14,0,0,0,0,0,0,1,80.0,2441.47,2139.0,20182.489,19387.506,41.38
2018-02-15,0,0,0,0,1,0,0,61.599999999999994,2468.4299999999994,2062.0,19519.218,18727.721999999998,33.63
2018-02-16,1,0,0,0,0,0,0,118.5,2452.17,2134.0,10145.650000000001,9665.802,26.08
2018-02-17,0,0,1,0,0,0,0,116.99999999999999,2410.37,2117.0,6089.6759999999995,5718.366,27.600000000000005
2018-02-18,0,0,0,1,0,0,0,5.3,2423.0,1512.0,9925.914000000002,9462.561,37.190000000000005
2018-02-19,0,1,0,0,0,0,0,-56.49999999999999,2455.3500000000004,1302.0,10863.255000000001,10341.773000000001,34.33
2018-02-20,0,0,0,0,0,1,0,-21.900000000000006,2457.2099999999996,1538.0,17813.36,17080.48,32.52
2018-02-21,0,0,0,0,0,0,1,-62.899999999999984,2461.96,1801.0,3011.327,2725.352,36.53999999999999
2018-02-22,0,0,0,0,1,0,0,-34.49999999999999,2466.770000000001,1857.0,20747.292,19913.495000000003,33.56999999999999
2018-02-23,1,0,0,0,0,0,0,-37.1,2462.21,1992.0,21822.801,20946.795000000002,34.61000000000001
2018-02-24,0,0,1,0,0,0,0,33.1,2437.7599999999993,2061.0,22472.837,21572.054000000004,27.479999999999997
2018-02-25,0,0,0,1,0,0,0,104.60000000000001,2418.5,1896.0,19818.935000000005,19016.354999999996,34.029999999999994
2018-02-26,0,1,0,0,0,0,0,60.99999999999999,2446.03,1917.0,22124.635000000002,21237.498999999996,29.989999999999995
2018-02-27,0,0,0,0,0,1,0,112.9,2439.9199999999996,2043.0,8374.545,7938.599000000001,26.349999999999998
2018-02-28,0,0,0,0,0,0,1,100.2,2416.4900000000002,2150.0,17744.233,17007.060000000005,29.790000000000003
2018-03-01,0,0,0,0,1,0,0,137.49999999999997,2398.04,1760.0,20422.488999999998,19602.389,28.990000000000002
2018-03-02,1,0,0,0,0,0,0,75.89999999999998,2409.42,2149.0,2164.0879999999997,1887.615,29.42
2018-03-03,0,0,1,0,0,0,0,97.90000000000002,2433.8,2071.0,4285.888,3948.7920000000004,23.560000000000002
2018-03-04,0,0,0,1,0,0,0,91.5,2448.3600000000006,1923.0,16154.375000000002,15485.259,42.10999999999999
2018-03-05,0,1,0,0,0,0,0,106.00000000000001,2464.95,2009.0,3435.444,3122.7519999999995,28.439999999999998
2018-03-06,0,0,0,0,0,1,0,118.00000000000001,2465.0999999999995,1931.0,12087.714999999998,11529.649,26.549999999999997
2018-03-07,0,0,0,0,0,0,1,82.20000000000002,2442.15,2028.0,6217.039000000001,5861.4839999999995,27.92
2018-03-08,0,0,0,0,1,0,0,144.70000000000002,2411.01,2208.0,3496.8290000000006,3205.523,23.15
2018-03-09,1,0,0,0,0,0,0,136.00000000000003,2434.329999999999,1817.0,5469.156999999999,5130.853,27.250000000000004
2018-03-10,0,0,1,0,0,0,0,98.0,2446.5899999999997,1903.0,3826.746,3527.1789999999996,31.53
2018-03-11,0,0,0,1,0,0,0,134.1,2349.78,1771.0,3240.2720000000004,2932.272,22.55
2018-03-12,0,1,0,0,0,0,0,170.89999999999995,2440.51,1839.0,2700.451,2402.0089999999996,23.069999999999997
2018-03-13,0,0,0,0,0,1,0,197.2,2418.04,1924.0,2398.553,2108.024,24.450000000000003
2018-03-14,0,0,0,0,0,0,1,191.2,2424.51,2010.0,7121.446,6709.857,29.579999999999995
2018-03-15,0,0,0,0,1,0,0,141.5,2423.02,2038.0,15536.202,14858.229,27.900000000000006
2018-03-16,1,0,0,0,0,0,0,162.70000000000002,2423.61,1946.0,14996.571999999998,14333.637999999999,28.3
2018-03-17,0,0,1,0,0,0,0,153.89999999999998,2427.370000000001,1906.0,19467.977,18652.121,24.86
2018-03-18,0,0,0,1,0,0,0,148.20000000000002,2448.0600000000004,2117.0,11114.692,10567.907,27.03
2018-03-19,0,1,0,0,0,0,0,160.0,2455.1900000000005,2115.0,3043.508,2733.068,22.0
2018-03-20,0,0,0,0,0,1,0,172.4,2441.4999999999995,1948.0,10669.161,10131.723,22.94
2018-03-21,0,0,0,0,0,0,1,170.80000000000004,2414.07,1808.0,4907.784,4551.835999999999,33.660000000000004
2018-03-22,0,0,0,0,1,0,0,168.2,2401.82,2031.0,17397.744,16655.37,21.17
2018-03-23,1,0,0,0,0,0,0,136.4,2418.8199999999997,1790.0,5523.104,5141.8189999999995,23.130000000000003
2018-03-24,0,0,1,0,0,0,0,117.80000000000001,2426.39,2002.0,14477.610999999999,13824.502000000002,23.6
2018-03-25,0,0,0,1,0,0,0,122.30000000000001,2441.3099999999995,1910.0,13579.899000000001,12954.99,22.229999999999997
2018-03-26,0,1,0,0,0,0,0,158.1,2450.2300000000005,2177.0,17755.12,17003.785,23.98
2018-03-27,0,0,0,0,0,1,0,221.80000000000004,2455.1700000000005,2084.0,21984.913999999997,21095.465999999997,24.95
2018-03-28,0,0,0,0,0,0,1,190.19999999999996,2468.6700000000005,1785.0,15309.761000000004,14649.016000000003,24.62
2018-03-29,0,0,0,0,1,0,0,178.9,2462.5700000000006,2114.0,16657.421,15955.188999999998,34.99
2018-03-30,1,0,0,0,0,0,0,220.5,2450.4300000000003,1928.0,11360.074999999999,10823.632000000001,23.919999999999998
2018-03-31,0,0,1,0,0,0,0,182.6,2453.41,1760.0,23079.605,22132.429,21.569999999999997
2018-04-01,0,0,0,1,0,0,0,163.40000000000003,2427.05,1711.0,6702.096,6287.2699999999995,25.78
2018-04-02,0,1,0,0,0,0,0,141.79999999999998,2435.02,1622.0,11923.306,11363.69,28.2
2018-04-03,0,0,0,0,0,1,0,163.5,2442.17,1695.0,9614.098,9111.426000000001,23.24
2018-04-04,0,0,0,0,0,0,1,157.7,2442.929999999999,2000.0,8110.977000000001,7646.993000000001,27.799999999999997
2018-04-05,0,0,0,0,1,0,0,188.6,2430.3699999999994,2270.0,16930.546000000002,16196.162999999999,21.38
2018-04-06,1,0,0,0,0,0,0,242.4,2418.2500000000005,2227.0,21513.220999999998,20614.773999999998,20.669999999999998
2018-04-07,0,0,1,0,0,0,0,252.3,2387.9400000000005,2015.0,14758.317000000003,14092.762999999999,31.83
2018-04-08,0,0,0,1,0,0,0,228.30000000000004,2425.02,2127.0,20787.805999999997,19913.423,27.61
2018-04-09,0,1,0,0,0,0,0,226.9,2451.03,2033.0,15110.799,14433.748,18.85
2018-04-10,0,0,0,0,0,1,0,250.79999999999998,2421.76,1762.0,9331.839000000002,8824.008,21.880000000000006
2018-04-11,0,0,0,0,0,0,1,211.70000000000002,2414.1800000000003,1937.0,19862.503999999997,19007.005,22.639999999999997
2018-04-12,0,0,0,0,1,0,0,191.0,2427.0699999999997,1824.0,15802.395,15102.122000000001,23.639999999999997
2018-04-13,1,0,0,0,0,0,0,195.1,2445.7300000000005,2117.0,15351.567,14657.567,21.919999999999998
2018-04-14,0,0,1,0,0,0,0,212.6,2447.34,1930.0,23100.228,22137.888,23.230000000000004
2018-04-15,0,0,0,1,0,0,0,194.70000000000002,2421.7799999999997,2083.0,24188.989999999998,23180.470999999998,25.23
2018-04-16,0,1,0,0,0,0,0,184.4,2405.95,2209.0,14364.687,13710.609,23.14
2018-04-17,0,0,0,0,0,1,0,213.6,2442.1100000000006,1864.0,25234.701999999994,24195.504000000004,19.720000000000002
2018-04-18,0,0,0,0,0,0,1,198.70000000000002,2456.1699999999996,1940.0,11416.616,10870.522,27.9
2018-04-19,0,0,0,0,1,0,0,203.89999999999998,2457.04,1798.0,24277.543,23282.827,25.849999999999998
2018-04-20,1,0,0,0,0,0,0,237.89999999999995,2453.7400000000002,1758.0,25353.459999999995,24323.778,22.029999999999994
