date,temperature,pressure,humidity,dc_output,ac_output,weekday,energy_kWh
2017-07-27,425.4,2443.71,1673.0,22336.813000000006,21393.679,Thursday,1.2900000000000007
2017-07-28,419.4,2443.5,1738.0,6327.021000000001,5869.585000000001,Friday,1.2800000000000005
2017-07-29,458.9000000000001,2446.2699999999995,1495.0,17373.964,16586.245,Saturday,2.16
2017-07-30,465.8999999999999,2455.2799999999997,1710.0,16749.197,15977.640999999998,Sunday,2.1100000000000008
2017-07-31,462.1,2455.7700000000004,1688.0,24327.321000000004,23317.205,Monday,6.71
2017-08-01,479.6,2447.3999999999996,1822.0,14003.502,13335.517,Tuesday,2.34
2017-08-02,483.20000000000005,2440.57,1822.0,24405.29,23394.891,Wednesday,2.16
2017-08-03,484.79999999999995,2433.1400000000003,1809.0,24267.717999999997,23263.011,Thursday,2.68
2017-08-04,449.0,2425.88,1918.0,23640.260000000006,22660.150999999998,Friday,2.29
2017-08-05,468.1000000000001,2428.0899999999997,1820.0,23882.023999999998,22894.961,Saturday,3.8600000000000008
2017-08-06,448.3,2432.06,1962.0,18992.569,18156.689,Sunday,4.170000000000001
2017-08-07,454.49999999999994,2434.8199999999997,1990.0,18743.038,17919.419000000005,Monday,9.649999999999999
2017-08-08,468.9999999999999,2433.5499999999997,2060.0,23345.451,22379.629,Tuesday,2.16
2017-08-09,482.0000000000001,2431.4200000000005,1932.0,21153.695,20246.351,Wednesday,2.27
2017-08-10,495.2000000000001,2431.3800000000006,1880.0,9109.604000000001,8598.298,Thursday,2.5700000000000003
2017-08-11,472.6,2428.55,1851.0,11418.423999999999,10837.689999999999,Friday,1.7500000000000007
2017-08-12,425.8,2428.1399999999994,1739.0,21319.659000000003,20411.378,Saturday,2.1000000000000005
2017-08-13,423.9,2432.0,1909.0,23139.054,22181.994,Sunday,3.139999999999999
2017-08-14,406.1,2435.1699999999996,1700.0,22928.015,21998.755,Monday,3.14
2017-08-15,419.20000000000005,2433.5800000000004,1791.0,22917.565,21987.111999999997,Tuesday,1.9600000000000006
2017-08-16,429.40000000000003,2441.08,1759.0,5698.781,5300.744999999999,Wednesday,1.7400000000000002
2017-08-17,447.00000000000006,2447.5000000000005,1798.0,13778.345,13145.271999999999,Thursday,1.97
2017-08-18,428.29999999999995,2446.2999999999997,1754.0,23220.814000000002,22276.657000000003,Friday,2.9600000000000004
2017-08-19,428.0,2449.78,1669.0,22321.93,21416.366000000005,Saturday,4.87
2017-08-20,418.69999999999993,2447.43,1719.0,21450.803,20571.926,Sunday,4.12
2017-08-21,433.5,2444.6899999999996,1858.0,23120.633,22185.822999999997,Monday,3.5500000000000007
2017-08-22,503.29999999999995,2434.87,1758.0,18427.221,17649.854999999996,Tuesday,2.020000000000001
2017-08-23,452.30000000000007,2434.85,1682.0,19322.492000000002,18509.221,Wednesday,2.2500000000000004
2017-08-24,426.7000000000001,2438.37,1447.0,23478.285999999996,22534.101,Thursday,1.8000000000000005
2017-08-25,398.7000000000001,2442.95,1701.0,20239.409,19413.847999999998,Friday,1.5800000000000007
2017-08-26,428.80000000000007,2449.0,1660.0,22462.045,21538.395999999997,Saturday,2.0900000000000003
2017-08-27,474.6,2442.0099999999998,1828.0,18510.716,17706.981,Sunday,3.6399999999999997
2017-08-28,490.8000000000001,2429.6300000000006,1856.0,16195.464999999998,15489.479999999998,Monday,1.9000000000000006
2017-08-29,537.3,2422.5299999999997,1528.0,15526.313,14817.255000000001,Tuesday,2.0000000000000004
2017-08-30,445.5,2433.81,1781.0,9320.089,8821.347,Wednesday,3.87
2017-08-31,438.4,2445.9599999999996,1886.0,21093.149,20220.554999999997,Thursday,3.3599999999999994
2017-09-01,437.8,2446.79,1790.0,20371.868000000006,19531.977000000003,Friday,2.39
2017-09-02,497.2,2437.0600000000004,1515.0,15397.235,14708.486000000003,Saturday,1.4900000000000007
2017-09-03,509.90000000000003,2438.01,1882.0,18584.671,17802.828999999998,Sunday,1.5100000000000005
2017-09-04,517.2000000000002,2437.1800000000003,1862.0,5114.624999999999,4733.233,Monday,3.0300000000000002
2017-09-05,503.40000000000003,2429.3399999999997,1844.0,21824.219,20926.124,Tuesday,3.5400000000000005
2017-09-06,513.3,2429.7700000000004,1716.0,16833.804,16126.993999999999,Wednesday,1.660000000000001
2017-09-07,463.5000000000001,2428.05,1984.0,23202.987,22272.894000000004,Thursday,1.5200000000000007
2017-09-08,429.79999999999995,2431.2799999999997,2131.0,16261.939,15551.399999999998,Friday,1.510000000000001
2017-09-09,352.3,2439.8000000000006,2044.0,19137.22,18333.060999999998,Saturday,1.3500000000000008
2017-09-10,381.6,2458.1599999999994,1917.0,12240.568000000001,11667.13,Sunday,1.2600000000000007
2017-09-11,428.2000000000001,2447.26,1764.0,14555.795,13909.029999999999,Monday,1.3000000000000007
2017-09-12,409.59999999999997,2435.7100000000005,1956.0,11678.946,11132.284999999998,Tuesday,1.4700000000000006
2017-09-13,366.90000000000003,2433.2599999999998,1906.0,14293.655999999999,13666.160999999998,Wednesday,1.3500000000000008
2017-09-14,354.40000000000003,2434.8200000000006,1831.0,11022.957,10470.951,Thursday,1.2500000000000007
2017-09-15,357.8,2440.89,1580.0,6245.456,5863.156,Friday,1.3400000000000005
2017-09-16,379.50000000000006,2435.1000000000004,1438.0,4187.874,3859.234,Saturday,1.2900000000000007
2017-09-17,325.9000000000001,2418.2200000000003,1777.0,8269.346,7826.812999999999,Sunday,1.2000000000000006
2017-09-18,306.1,2414.6899999999996,1773.0,5534.773999999999,5177.004,Monday,1.1300000000000003
2017-09-19,279.2,2413.910000000001,2025.0,10456.168,9958.677,Tuesday,1.2200000000000006
2017-09-20,294.9,2413.0699999999997,1981.0,16805.262,16095.159,Wednesday,1.1200000000000006
2017-09-21,308.29999999999995,2431.330000000001,1912.0,21526.917999999998,20677.802000000003,Thursday,1.1400000000000006
2017-09-22,317.6,2439.3300000000004,1823.0,3870.088,3548.404,Friday,1.2000000000000006
2017-09-23,342.79999999999995,2443.1299999999997,1786.0,8893.315999999999,8441.600999999999,Saturday,1.2800000000000005
2017-09-24,342.90000000000003,2446.7499999999995,1803.0,18396.511,17611.122000000003,Sunday,1.6200000000000003
2017-09-25,354.60000000000014,2444.6700000000005,2087.0,12622.195,12025.874,Monday,5.7
2017-09-26,363.7,2451.1200000000003,2139.0,7719.067,7277.783,Tuesday,2.1800000000000006
2017-09-27,342.49999999999994,2445.26,2204.0,14573.336000000001,13913.328000000001,Wednesday,2.5300000000000007
2017-09-28,391.30000000000007,2430.46,1924.0,13625.538,13000.51,Thursday,2.2800000000000002
2017-09-29,363.69999999999993,2428.7599999999998,2026.0,8123.338000000001,7668.7880000000005,Friday,2.2600000000000002
2017-09-30,298.9,2440.88,2054.0,9225.389,8739.173,Saturday,5.37
2017-10-01,292.4,2446.4799999999996,2039.0,4722.887,4360.704,Sunday,3.6000000000000005
2017-10-02,292.40000000000003,2452.3900000000003,1911.0,13827.561,13203.912999999999,Monday,2.32
2017-10-03,278.20000000000005,2460.09,1655.0,22687.773,21766.317999999996,Tuesday,3.64
2017-10-04,264.19999999999993,2451.8600000000006,1816.0,21424.524,20548.415999999997,Wednesday,2.2500000000000004
2017-10-05,258.90000000000003,2450.82,1915.0,10461.192000000001,9941.577000000001,Thursday,3.400000000000001
2017-10-06,274.00000000000006,2433.8800000000006,1974.0,17706.588000000003,16970.517999999996,Friday,3.3299999999999996
2017-10-07,277.1,2430.3099999999995,1884.0,16278.310000000001,15571.534,Saturday,4.449999999999999
2017-10-08,244.59999999999997,2455.1199999999994,1972.0,6899.857000000001,6486.432000000001,Sunday,9.719999999999997
2017-10-09,237.80000000000004,2454.93,1976.0,4469.273,4118.790000000001,Monday,4.71
2017-10-10,221.60000000000005,2426.1899999999996,2017.0,4069.512,3736.994,Tuesday,3.0900000000000003
2017-10-11,203.2,2436.359999999999,2001.0,17820.610999999997,17062.61,Wednesday,2.0900000000000003
2017-10-12,183.8,2438.89,2160.0,14901.572000000002,14240.217,Thursday,2.2200000000000006
2017-10-13,192.00000000000003,2450.3099999999995,1979.0,4465.186000000001,4127.866999999999,Friday,2.1100000000000003
2017-10-14,198.09999999999997,2475.2700000000004,1925.0,15312.461999999998,14657.410999999998,Saturday,3.34
2017-10-15,257.40000000000003,2463.6800000000007,1894.0,5026.155,4678.147000000001,Sunday,10.389999999999999
2017-10-16,264.0,2448.9999999999995,2166.0,12222.225,11652.66,Monday,7.619999999999998
2017-10-17,278.6,2432.1400000000003,1946.0,3154.91,2854.1989999999996,Tuesday,1.7700000000000007
2017-10-18,239.2,2413.14,2032.0,3467.896,3168.57,Wednesday,2.0000000000000004
2017-10-19,257.79999999999995,2394.939999999999,2173.0,3318.8529999999996,3024.326,Thursday,2.3700000000000006
2017-10-20,218.90000000000006,2409.8199999999997,2148.0,7725.567,7311.165999999999,Friday,3.77
2017-10-21,190.99999999999994,2413.4700000000003,2147.0,9461.082,8993.740999999998,Saturday,5.23
2017-10-22,269.3,2438.3700000000003,1933.0,5585.745999999999,5231.232,Sunday,5.249999999999999
2017-10-23,264.4,2486.2000000000003,1991.0,8401.816,7976.264,Monday,4.29
2017-10-24,226.6,2474.65,2181.0,16539.951,15858.525,Tuesday,2.0
2017-10-25,243.50000000000003,2446.7599999999993,2247.0,9562.505000000003,9089.944000000001,Wednesday,2.47
2017-10-26,241.9,2460.2299999999996,2222.0,3022.314,2740.3399999999997,Thursday,3.9400000000000004
2017-10-27,215.59999999999997,2453.5699999999993,2263.0,3115.806,2832.24,Friday,2.48
2017-10-28,217.6,2438.6099999999997,2280.0,9143.322999999999,8707.062000000002,Saturday,4.79
2017-10-29,200.00000000000006,2442.6499999999996,2306.0,15725.501999999999,15084.462999999998,Sunday,6.87
2017-10-30,171.29999999999998,2454.2900000000004,1981.0,4847.683,4519.034,Monday,4.170000000000001
2017-10-31,154.89999999999998,2437.4,2084.0,2853.0609999999997,2574.5660000000003,Tuesday,2.3800000000000003
2017-11-01,213.60000000000005,2417.0799999999995,2046.0,1567.6469999999997,1319.162,Wednesday,3.62
2017-11-02,138.5,2410.640000000001,2068.0,1522.6850000000002,1284.657,Thursday,2.5200000000000005
2017-11-03,42.89999999999999,2437.0200000000004,1564.0,14529.795000000002,13935.796999999999,Friday,3.8400000000000007
2017-11-04,6.499999999999999,2437.0499999999997,1892.0,12635.588,12089.562,Saturday,9.84
2017-11-05,64.5,2533.5799999999995,1514.0,9466.239000000001,9018.242999999999,Sunday,27.400000000000006
2017-11-06,24.4,2459.3399999999997,1434.0,3615.958,3329.0049999999997,Monday,24.130000000000003
2017-11-07,97.8,2452.55,1534.0,7320.286999999999,6925.2699999999995,Tuesday,19.859999999999992
2017-11-08,158.9,2323.7400000000002,1512.0,2306.9359999999997,2074.834,Wednesday,12.389999999999999
2017-11-09,192.09999999999997,2415.689999999999,2057.0,4711.736000000001,4388.4130000000005,Thursday,15.980000000000002
2017-11-10,184.2,2429.67,2247.0,3017.661,2733.692,Friday,8.39
2017-11-11,192.49999999999997,2434.5400000000004,2156.0,9724.795000000002,9257.560000000001,Saturday,7.36
2017-11-12,207.0,2426.22,2240.0,4877.987,4572.847,Sunday,14.389999999999999
2017-11-13,219.50000000000003,2403.5200000000004,1994.0,6988.232,6606.936,Monday,15.989999999999998
2017-11-14,208.70000000000005,2424.1699999999996,1957.0,1712.1549999999997,1476.9850000000001,Tuesday,10.299999999999999
2017-11-15,197.99999999999994,2402.87,2039.0,2350.641,2116.827,Wednesday,11.38
2017-11-16,163.1,2401.9600000000005,2104.0,4587.534000000001,4284.54,Thursday,8.23
2017-11-17,150.79999999999998,2436.43,2029.0,8983.793,8563.297,Friday,10.11
2017-11-18,191.09999999999997,2452.4100000000003,2042.0,4989.994000000001,4683.330999999999,Saturday,11.890000000000004
2017-11-19,169.00000000000003,2417.5200000000004,2094.0,8674.027,8264.384,Sunday,17.009999999999998
2017-11-20,147.3,2415.8399999999997,2275.0,12660.975,12145.123,Monday,9.370000000000001
2017-11-21,154.5,2431.95,2253.0,8310.423999999999,7930.785999999998,Tuesday,11.919999999999998
2017-11-22,323.20000000000005,2424.8800000000006,2263.0,2461.9359999999997,2213.138,Wednesday,5.8999999999999995
2017-11-23,254.70000000000002,2419.41,1998.0,1539.7100000000003,1354.5500000000002,Thursday,5.490000000000001
2017-11-24,209.4,2435.6,2011.0,981.239,807.0699999999999,Friday,3.7000000000000006
2017-11-25,229.10000000000002,2428.48,1877.0,1344.101,1162.512,Saturday,9.139999999999999
2017-11-26,229.7,2397.8999999999996,2003.0,6455.43,6148.134,Sunday,11.079999999999998
2017-11-27,162.7,2436.5900000000006,2004.0,3775.9929999999995,3535.063,Monday,9.04
2017-11-28,151.69999999999996,2433.84,2149.0,3503.965,3276.0580000000004,Tuesday,14.87
2017-11-29,134.2,2461.4899999999993,2223.0,7281.9039999999995,6952.2119999999995,Wednesday,16.13
2017-11-30,155.5,2446.1099999999997,2187.0,1443.416,1260.1860000000001,Thursday,13.489999999999998
2017-12-01,150.79999999999998,2434.55,2258.0,7402.285000000001,7058.040000000001,Friday,13.029999999999998
2017-12-02,131.6,2427.9700000000003,2205.0,1671.0510000000002,1483.197,Saturday,18.009999999999998
2017-12-03,95.49999999999999,2448.76,2098.0,4946.929,4672.842,Sunday,21.56
2017-12-04,87.7,2482.5299999999993,2073.0,1265.1870000000001,1085.485,Monday,14.820000000000004
2017-12-05,63.000000000000014,2491.33,2140.0,7391.037,7055.153,Tuesday,20.100000000000005
2017-12-06,86.49999999999999,2491.6400000000003,2335.0,10277.354,9865.648,Wednesday,22.52
2017-12-07,74.49999999999999,2482.7999999999993,2400.0,3462.048,3236.1110000000003,Thursday,20.44
2017-12-08,56.49999999999999,2479.5100000000007,2400.0,9302.506,8921.601,Friday,23.32
2017-12-09,33.4,2473.0399999999995,2398.0,2964.0899999999997,2748.943,Saturday,24.04
2017-12-10,104.09999999999998,2471.7299999999987,2317.0,2168.005,1967.4740000000002,Sunday,12.9
2017-12-11,73.0,2465.7800000000007,2230.0,955.6560000000001,781.991,Monday,0.0
2017-12-12,115.8,2473.86,2211.0,919.254,746.281,Tuesday,0.0
2017-12-13,108.70000000000002,2472.66,2289.0,1715.419,1526.1100000000001,Wednesday,0.0
2017-12-14,64.9,2464.15,2378.0,843.965,672.432,Thursday,0.0
2017-12-15,124.5,2451.89,2215.0,4749.529,4484.188,Friday,0.0
2017-12-16,108.69999999999999,2458.91,2290.0,5636.984,5342.762,Saturday,0.0
2017-12-17,139.59999999999997,2439.56,2330.0,3383.148,3153.233,Sunday,0.0
2017-12-18,152.10000000000005,2439.2099999999996,2172.0,6424.369,6118.725,Monday,0.0
2017-12-19,60.3,2410.64,2301.0,3187.25,2960.877,Tuesday,0.0
2017-12-20,35.00000000000001,2452.4,1952.0,5494.324999999999,5215.666000000001,Wednesday,0.0
2017-12-21,4.300000000000001,2469.46,2097.0,3268.033,3043.2280000000005,Thursday,0.0
2017-12-22,34.699999999999996,2461.4199999999996,1930.0,1882.977,1690.2250000000001,Friday,0.0
2017-12-23,-40.900000000000006,2478.24,1578.0,12635.117999999999,12144.135000000002,Saturday,11.370000000000001
2017-12-24,-39.90000000000001,2462.3199999999997,1820.0,1388.557,1206.197,Sunday,28.369999999999997
2017-12-25,-3.2999999999999994,2460.9900000000007,1976.0,1233.5149999999999,1054.401,Monday,34.919999999999995
2017-12-26,-6.100000000000001,2464.729999999999,1813.0,10043.914,9634.489,Tuesday,34.769999999999996
2017-12-27,13.899999999999999,2459.769999999999,2204.0,4007.0339999999997,3762.96,Wednesday,33.89
2017-12-28,76.5,2441.1200000000003,2322.0,1385.535,1206.498,Thursday,33.5
2017-12-29,69.0,2425.32,2363.0,6743.449999999999,6427.44,Friday,29.94
2017-12-30,60.599999999999994,2448.3700000000003,2108.0,2113.975,1894.185,Saturday,26.79
2017-12-31,-9.199999999999996,2464.08,2139.0,3806.31,3546.863,Sunday,26.0
2018-01-01,-24.800000000000004,2472.0899999999997,2210.0,4130.735999999999,3863.141,Monday,28.209999999999997
2018-01-02,1.2000000000000022,2468.01,2238.0,13555.077,13020.662999999999,Tuesday,32.15
2018-01-03,47.89999999999999,2453.69,2321.0,14369.589999999998,13807.356,Wednesday,22.96
2018-01-04,80.60000000000001,2439.2500000000005,2294.0,14049.7,13474.96,Thursday,22.499999999999996
2018-01-05,167.70000000000002,2433.68,2295.0,13921.015000000001,13354.079,Friday,14.049999999999999
2018-01-06,146.9,2450.8099999999995,2229.0,1742.731,1531.454,Saturday,9.490000000000002
2018-01-07,136.49999999999997,2441.28,2219.0,3454.2659999999996,3188.676,Sunday,19.450000000000003
2018-01-08,159.20000000000002,2419.4800000000005,2281.0,5990.694,5664.196,Monday,12.350000000000001
2018-01-09,151.5,2405.7100000000005,2225.0,1811.7829999999997,1595.497,Tuesday,14.630000000000003
2018-01-10,122.3,2430.7599999999998,2149.0,1137.832,937.8169999999999,Wednesday,12.319999999999997
2018-01-11,102.39999999999999,2426.84,2243.0,1152.2079999999999,951.489,Thursday,30.900000000000006
2018-01-12,89.10000000000001,2455.7,2348.0,1910.2230000000002,1689.0919999999996,Friday,43.010000000000005
2018-01-13,149.29999999999998,2470.26,2320.0,1572.8260000000002,1358.342,Saturday,27.090000000000003
2018-01-14,86.9,2454.74,2397.0,1031.291,827.451,Sunday,24.68
2018-01-15,114.6,2436.8799999999997,2268.0,1826.2390000000003,1603.333,Monday,21.870000000000005
2018-01-16,225.50000000000006,2444.7700000000004,1984.0,985.4930000000002,782.6410000000001,Tuesday,14.7
2018-01-17,218.3,2424.6400000000003,1926.0,6354.936,5998.877,Wednesday,17.63
2018-01-18,186.5,2412.79,1966.0,9537.596000000001,9096.990000000002,Thursday,25.370000000000005
2018-01-19,159.60000000000002,2420.64,2053.0,14153.334999999997,13581.107,Friday,24.510000000000005
2018-01-20,146.0,2430.5800000000004,2075.0,9165.468,8739.880000000001,Saturday,28.25
2018-01-21,191.70000000000002,2416.0699999999997,1842.0,15387.465,14773.331000000002,Sunday,25.41
2018-01-22,147.49999999999997,2447.73,2037.0,4253.099,3965.1569999999992,Monday,20.070000000000004
2018-01-23,133.70000000000002,2431.7300000000005,2066.0,5415.161999999999,5092.977000000001,Tuesday,28.45
2018-01-24,168.50000000000006,2405.5899999999997,2204.0,15335.806,14725.309,Wednesday,30.819999999999993
2018-01-25,98.80000000000001,2412.07,2103.0,9141.141,8719.767,Thursday,32.620000000000005
2018-01-26,106.60000000000002,2438.4100000000003,2049.0,4955.909000000001,4639.9310000000005,Friday,34.25
2018-01-27,102.39999999999999,2436.51,2189.0,9384.655999999999,8974.151,Saturday,28.31
2018-01-28,151.9,2459.5199999999995,2263.0,4673.355,4393.296,Sunday,25.230000000000004
2018-01-29,209.40000000000003,2431.3399999999997,2195.0,4937.022,4654.37,Monday,14.219999999999995
2018-01-30,130.3,2440.1899999999996,2006.0,5429.428,5132.535,Tuesday,19.33
2018-01-31,82.5,2451.25,2194.0,14483.339,13910.698,Wednesday,31.45
2018-02-01,125.5,2450.58,2259.0,8226.162,7854.699,Thursday,27.929999999999996
2018-02-02,170.29999999999998,2448.24,2273.0,10651.497,10209.954000000002,Friday,25.97
2018-02-03,195.9,2455.0099999999998,2286.0,11411.935,10941.779000000002,Saturday,19.67
2018-02-04,218.30000000000004,2440.4100000000003,2201.0,10133.477,9694.981,Sunday,9.68
2018-02-05,178.1,2446.6499999999996,2212.0,1927.132,1711.819,Monday,11.689999999999998
2018-02-06,164.70000000000005,2460.309999999999,2241.0,1786.157,1573.963,Tuesday,12.700000000000003
2018-02-07,198.6,2462.56,2282.0,3338.491,3070.393,Wednesday,15.74
2018-02-08,200.80000000000004,2445.1,2058.0,8757.923999999999,8334.561,Thursday,8.51
2018-02-09,117.09999999999998,2460.4599999999996,1990.0,9870.671,9425.425,Friday,17.38
2018-02-10,46.4,2468.2199999999993,1845.0,4491.392000000001,4175.01,Saturday,23.29
2018-02-11,84.30000000000001,2441.2999999999997,1795.0,17256.694,16570.833,Sunday,20.699999999999996
2018-02-12,32.6,2464.21,1212.0,16631.224000000002,15961.141000000001,Monday,19.589999999999996
2018-02-13,42.39999999999999,2456.47,1679.0,18492.488,17748.150999999998,Tuesday,33.66
2018-02-14,80.0,2441.47,2139.0,20182.489,19387.506,Wednesday,29.53
2018-02-15,61.599999999999994,2468.4299999999994,2062.0,19519.218,18727.721999999998,Thursday,31.140000000000008
2018-02-16,118.5,2452.17,2134.0,10145.650000000001,9665.802,Friday,23.349999999999998
2018-02-17,116.99999999999999,2410.37,2117.0,6089.6759999999995,5718.366,Saturday,25.209999999999997
2018-02-18,5.3,2423.0,1512.0,9925.914000000002,9462.561,Sunday,36.029999999999994
2018-02-19,-56.49999999999999,2455.3500000000004,1302.0,10863.255000000001,10341.773000000001,Monday,33.129999999999995
2018-02-20,-21.900000000000006,2457.2099999999996,1538.0,17813.36,17080.48,Tuesday,37.669999999999995
2018-02-21,-62.899999999999984,2461.96,1801.0,3011.327,2725.352,Wednesday,45.06000000000001
2018-02-22,-34.49999999999999,2466.770000000001,1857.0,20747.292,19913.495000000003,Thursday,37.15
2018-02-23,-37.1,2462.21,1992.0,21822.801,20946.795000000002,Friday,45.60000000000001
2018-02-24,33.1,2437.7599999999993,2061.0,22472.837,21572.054000000004,Saturday,31.92000000000001
2018-02-25,104.60000000000001,2418.5,1896.0,19818.935000000005,19016.354999999996,Sunday,35.91
2018-02-26,60.99999999999999,2446.03,1917.0,22124.635000000002,21237.498999999996,Monday,29.079999999999995
2018-02-27,112.9,2439.9199999999996,2043.0,8374.545,7938.599000000001,Tuesday,27.27
2018-02-28,100.2,2416.4900000000002,2150.0,17744.233,17007.060000000005,Wednesday,31.779999999999998
2018-03-01,137.49999999999997,2398.04,1760.0,20422.488999999998,19602.389,Thursday,21.31
2018-03-02,75.89999999999998,2409.42,2149.0,2164.0879999999997,1887.615,Friday,26.869999999999997
2018-03-03,97.90000000000002,2433.8,2071.0,4285.888,3948.7920000000004,Saturday,25.109999999999996
2018-03-04,91.5,2448.3600000000006,1923.0,16154.375000000002,15485.259,Sunday,33.1
2018-03-05,106.00000000000001,2464.95,2009.0,3435.444,3122.7519999999995,Monday,21.4
2018-03-06,118.00000000000001,2465.0999999999995,1931.0,12087.714999999998,11529.649,Tuesday,18.31
2018-03-07,82.20000000000002,2442.15,2028.0,6217.039000000001,5861.4839999999995,Wednesday,17.92
2018-03-08,144.70000000000002,2411.01,2208.0,3496.8290000000006,3205.523,Thursday,22.270000000000003
2018-03-09,136.00000000000003,2434.329999999999,1817.0,5469.156999999999,5130.853,Friday,16.39
2018-03-10,98.0,2446.5899999999997,1903.0,3826.746,3527.1789999999996,Saturday,15.549999999999999
2018-03-11,134.1,2349.78,1771.0,3240.2720000000004,2932.272,Sunday,15.01
2018-03-12,170.89999999999995,2440.51,1839.0,2700.451,2402.0089999999996,Monday,10.26
2018-03-13,197.2,2418.04,1924.0,2398.553,2108.024,Tuesday,10.91
2018-03-14,191.2,2424.51,2010.0,7121.446,6709.857,Wednesday,14.280000000000001
2018-03-15,141.5,2423.02,2038.0,15536.202,14858.229,Thursday,9.66
2018-03-16,162.70000000000002,2423.61,1946.0,14996.571999999998,14333.637999999999,Friday,9.600000000000001
2018-03-17,153.89999999999998,2427.370000000001,1906.0,19467.977,18652.121,Saturday,7.359999999999999
2018-03-18,148.20000000000002,2448.0600000000004,2117.0,11114.692,10567.907,Sunday,14.98
2018-03-19,160.0,2455.1900000000005,2115.0,3043.508,2733.068,Monday,14.550000000000002
2018-03-20,172.4,2441.4999999999995,1948.0,10669.161,10131.723,Tuesday,15.709999999999997
2018-03-21,170.80000000000004,2414.07,1808.0,4907.784,4551.835999999999,Wednesday,12.880000000000003
2018-03-22,168.2,2401.82,2031.0,17397.744,16655.37,Thursday,16.67
2018-03-23,136.4,2418.8199999999997,1790.0,5523.104,5141.8189999999995,Friday,14.91
2018-03-24,117.80000000000001,2426.39,2002.0,14477.610999999999,13824.502000000002,Saturday,22.490000000000002
2018-03-25,122.30000000000001,2441.3099999999995,1910.0,13579.899000000001,12954.99,Sunday,20.75
2018-03-26,158.1,2450.2300000000005,2177.0,17755.12,17003.785,Monday,20.440000000000005
2018-03-27,221.80000000000004,2455.1700000000005,2084.0,21984.913999999997,21095.465999999997,Tuesday,16.48
2018-03-28,190.19999999999996,2468.6700000000005,1785.0,15309.761000000004,14649.016000000003,Wednesday,8.040000000000001
2018-03-29,178.9,2462.5700000000006,2114.0,16657.421,15955.188999999998,Thursday,15.569999999999999
2018-03-30,220.5,2450.4300000000003,1928.0,11360.074999999999,10823.632000000001,Friday,10.09
2018-03-31,182.6,2453.41,1760.0,23079.605,22132.429,Saturday,8.62
2018-04-01,163.40000000000003,2427.05,1711.0,6702.096,6287.2699999999995,Sunday,8.77
2018-04-02,141.79999999999998,2435.02,1622.0,11923.306,11363.69,Monday,10.99
2018-04-03,163.5,2442.17,1695.0,9614.098,9111.426000000001,Tuesday,14.219999999999999
2018-04-04,157.7,2442.929999999999,2000.0,8110.977000000001,7646.993000000001,Wednesday,9.730000000000002
2018-04-05,188.6,2430.3699999999994,2270.0,16930.546000000002,16196.162999999999,Thursday,20.539999999999992
2018-04-06,242.4,2418.2500000000005,2227.0,21513.220999999998,20614.773999999998,Friday,7.96
2018-04-07,252.3,2387.9400000000005,2015.0,14758.317000000003,14092.762999999999,Saturday,12.11
2018-04-08,228.30000000000004,2425.02,2127.0,20787.805999999997,19913.423,Sunday,9.41
2018-04-09,226.9,2451.03,2033.0,15110.799,14433.748,Monday,8.510000000000002
2018-04-10,250.79999999999998,2421.76,1762.0,9331.839000000002,8824.008,Tuesday,9.959999999999999
2018-04-11,211.70000000000002,2414.1800000000003,1937.0,19862.503999999997,19007.005,Wednesday,10.239999999999998
2018-04-12,191.0,2427.0699999999997,1824.0,15802.395,15102.122000000001,Thursday,9.239999999999998
2018-04-13,195.1,2445.7300000000005,2117.0,15351.567,14657.567,Friday,11.95
2018-04-14,212.6,2447.34,1930.0,23100.228,22137.888,Saturday,11.940000000000001
2018-04-15,194.70000000000002,2421.7799999999997,2083.0,24188.989999999998,23180.470999999998,Sunday,10.590000000000002
2018-04-16,184.4,2405.95,2209.0,14364.687,13710.609,Monday,14.71
2018-04-17,213.6,2442.1100000000006,1864.0,25234.701999999994,24195.504000000004,Tuesday,11.09
2018-04-18,198.70000000000002,2456.1699999999996,1940.0,11416.616,10870.522,Wednesday,7.58
2018-04-19,203.89999999999998,2457.04,1798.0,24277.543,23282.827,Thursday,4.94
2018-04-20,237.89999999999995,2453.7400000000002,1758.0,25353.459999999995,24323.778,Friday,7.82
2018-04-21,236.99999999999997,2459.6,1711.0,23785.734999999997,22810.218999999994,Saturday,5.33
2018-04-22,217.09999999999994,2469.25,1818.0,19599.810999999998,18784.937,Sunday,7.109999999999999
2018-04-23,242.39999999999998,2464.7099999999996,1715.0,4129.2,3759.199,Monday,5.46
2018-04-24,271.7,2452.8000000000006,1782.0,18870.328999999998,18076.779,Tuesday,2.8099999999999996
2018-04-25,291.59999999999997,2446.4199999999996,1922.0,23705.92,22738.706,Wednesday,6.11
2018-04-26,323.0,2437.7199999999993,1712.0,25422.539999999997,24391.618000000002,Thursday,2.9300000000000006
2018-04-27,324.5,2426.6400000000003,1723.0,26017.216999999997,24962.782,Friday,4.73
2018-04-28,255.39999999999995,2430.350000000001,2137.0,24545.638999999996,23551.826,Saturday,7.130000000000002
2018-04-29,243.6,2436.66,2144.0,25638.314999999995,24599.288999999997,Sunday,11.88
2018-04-30,270.3,2445.85,2018.0,25240.872,24217.936999999998,Monday,4.03
2018-05-01,267.8,2443.7100000000005,1934.0,24181.780000000002,23185.587,Tuesday,5.71
2018-05-02,287.9,2445.83,1827.0,19093.691,18266.538,Wednesday,5.85
2018-05-03,356.7000000000001,2445.3300000000004,1684.0,10625.498000000001,10079.608,Thursday,6.160000000000001
2018-05-04,295.4,2456.85,1805.0,9376.253999999999,8862.104,Friday,3.9300000000000006
2018-05-05,294.2,2448.8300000000004,2009.0,23861.513000000003,22883.394,Saturday,3.72
2018-05-06,372.5,2437.04,1933.0,25142.079,24106.893,Sunday,9.870000000000003
2018-05-07,355.09999999999997,2450.78,1907.0,20252.592999999997,19388.568,Monday,3.430000000000001
2018-05-08,353.90000000000003,2437.86,1980.0,16007.248999999998,15303.558,Tuesday,3.0700000000000003
2018-05-09,364.3999999999999,2435.79,1819.0,23006.743999999995,22035.135000000002,Wednesday,2.7600000000000002
2018-05-10,296.8,2444.4200000000005,1865.0,18157.612999999998,17377.993000000002,Thursday,3.1500000000000004
2018-05-11,318.0999999999999,2454.3100000000004,1873.0,18660.853999999996,17839.102999999996,Friday,7.6400000000000015
2018-05-12,351.79999999999995,2445.93,1962.0,22670.336,21718.325,Saturday,4.8
2018-05-13,402.4000000000001,2432.7900000000004,1933.0,23308.738,22336.221999999998,Sunday,6.55
2018-05-14,449.99999999999994,2429.97,1594.0,11733.576,11145.192000000001,Monday,4.7700000000000005
2018-05-15,433.2,2427.2000000000003,1732.0,17508.737000000005,16734.448,Tuesday,3.19
2018-05-16,359.19999999999993,2436.9300000000007,1918.0,23423.311000000005,22438.54,Wednesday,2.900000000000001
2018-05-17,343.90000000000003,2440.999999999999,1961.0,20244.024000000005,19366.482000000004,Thursday,4.09
2018-05-18,366.70000000000005,2439.31,1893.0,25546.134,24491.079,Friday,4.7
2018-05-19,375.49999999999994,2435.69,1966.0,21951.843999999994,21029.472000000005,Saturday,3.4500000000000006
2018-05-20,375.09999999999997,2437.03,1741.0,9345.353000000001,8814.363999999998,Sunday,6.710000000000001
2018-05-21,354.5,2440.6299999999997,1813.0,17634.310999999998,16849.577999999998,Monday,9.12
2018-05-22,377.59999999999997,2430.79,1844.0,10764.746000000001,10192.885,Tuesday,8.98
2018-05-23,403.3,2420.0900000000006,1808.0,23088.302,22114.273999999998,Wednesday,4.5200000000000005
2018-05-24,390.80000000000007,2435.9900000000007,1725.0,10659.313,10085.266000000003,Thursday,2.6500000000000004
2018-05-25,349.00000000000006,2437.0,1758.0,15746.307999999999,15025.315,Friday,2.5900000000000007
2018-05-26,349.7,2446.789999999999,1632.0,22331.862,21362.742,Saturday,3.7199999999999998
2018-05-27,393.29999999999995,2453.22,1364.0,24504.703999999998,23465.603,Sunday,7.659999999999999
2018-05-28,377.7,2450.89,1662.0,19413.015,18558.441,Monday,5.18
2018-05-29,341.00000000000006,2442.7900000000004,1570.0,25270.438,24204.14,Tuesday,3.65
2018-05-30,325.2,2433.03,1596.0,9681.515000000001,9133.029999999999,Wednesday,4.04
2018-05-31,339.3,2427.1600000000003,1601.0,24498.446999999996,23461.386,Thursday,5.339999999999999
2018-06-01,327.59999999999997,2450.0199999999995,1441.0,21955.654,20984.208,Friday,5.870000000000001
2018-06-02,375.7,2454.5900000000006,1684.0,20822.332,19928.935999999998,Saturday,2.580000000000001
2018-06-03,332.3,2439.0399999999995,1893.0,20913.483,20015.926,Sunday,10.54
2018-06-04,329.09999999999997,2441.01,1547.0,20356.163999999997,19474.574000000004,Monday,3.5300000000000002
2018-06-05,323.2,2435.99,1549.0,12769.23,12134.869999999999,Tuesday,3.71
2018-06-06,363.59999999999997,2431.600000000001,1666.0,8843.811000000002,8333.064999999999,Wednesday,1.1900000000000006
2018-06-07,348.8,2433.74,1747.0,8570.593,8068.888999999999,Thursday,1.2000000000000004
2018-06-08,317.09999999999997,2435.21,2069.0,9502.861,8971.876,Friday,1.1900000000000006
2018-06-09,312.29999999999995,2431.7699999999995,1846.0,10872.747000000001,10302.511999999997,Saturday,1.1900000000000004
2018-06-10,315.70000000000005,2437.2199999999993,1592.0,14685.188,13998.121,Sunday,1.1000000000000005
2018-06-11,326.6,2450.1500000000005,1641.0,8358.264,7861.075,Monday,1.1400000000000003
2018-06-12,319.8,2442.9699999999993,1824.0,18421.588000000003,17606.82,Tuesday,1.1800000000000006
2018-06-13,332.70000000000005,2427.97,1996.0,14592.677999999998,13900.964000000002,Wednesday,1.2300000000000004
2018-06-14,364.3,2439.52,1775.0,11658.853000000001,11070.072,Thursday,1.1100000000000003
2018-06-15,382.7,2433.7599999999998,1823.0,21376.329999999998,20464.632,Friday,1.1500000000000004
2018-06-16,428.99999999999994,2433.8900000000003,1754.0,25639.269000000004,24575.829,Saturday,1.2800000000000005
2018-06-17,450.80000000000007,2430.6,1759.0,24641.094999999998,23617.723,Sunday,1.5300000000000007
2018-06-18,495.70000000000005,2429.46,1625.0,5857.021,5421.929000000001,Monday,1.5500000000000007
2018-06-19,484.40000000000003,2437.1000000000004,1595.0,17436.733,16671.896,Tuesday,1.5900000000000005
2018-06-20,486.00000000000006,2432.1500000000005,1647.0,24834.103999999996,23801.855,Wednesday,1.7300000000000006
2018-06-21,421.49999999999994,2440.54,1693.0,24296.472,23281.998000000003,Thursday,1.5100000000000005
2018-06-22,382.90000000000003,2446.98,1727.0,23943.231,22950.196,Friday,1.4000000000000008
2018-06-23,418.7,2448.229999999999,1751.0,23162.179,22183.047,Saturday,1.3000000000000007
2018-06-24,400.9,2435.71,1909.0,16249.903999999999,15512.174,Sunday,1.3300000000000007
2018-06-25,393.2,2437.09,1667.0,24850.154,23819.677,Monday,1.4100000000000006
2018-06-26,397.30000000000007,2449.9500000000003,1665.0,24776.643,23748.992999999995,Tuesday,1.4600000000000009
2018-06-27,396.09999999999997,2440.46,1658.0,23846.002,22855.645999999997,Wednesday,1.3700000000000008
2018-06-28,398.7,2440.7300000000005,1609.0,23741.693,22755.665000000005,Thursday,1.3300000000000007
2018-06-29,366.49999999999994,2446.6700000000005,1975.0,23610.266,22623.075,Friday,1.3200000000000007
2018-06-30,379.6,2448.24,2000.0,12210.52,11590.730000000001,Saturday,1.1900000000000004
2018-07-01,394.69999999999993,2448.3899999999994,1869.0,21535.222,20631.121000000003,Sunday,1.1900000000000004
2018-07-02,385.9999999999999,2449.37,1533.0,22173.272,21230.587000000003,Monday,1.2900000000000005
2018-07-03,389.20000000000005,2446.4500000000003,1710.0,19815.642,18964.536,Tuesday,1.5800000000000005
2018-07-04,451.90000000000003,2435.92,1746.0,19762.231,18902.628000000004,Wednesday,9.38
2018-07-05,491.49999999999994,2438.02,1700.0,24901.744000000006,23874.29,Thursday,4.9799999999999995
2018-07-06,410.8,2138.43,1450.0,22543.489999999998,21603.751000000004,Friday,3.1100000000000003
2018-07-07,433.8000000000001,2450.46,1802.0,4497.615,4097.138,Saturday,5.24
2018-07-08,432.59999999999997,2444.38,1808.0,19640.834000000003,18793.195,Sunday,8.09
2018-07-09,430.7,2445.0800000000004,1829.0,24914.797,23886.433,Monday,5.32
2018-07-10,410.3,2454.73,1880.0,23589.478,22614.758,Tuesday,5.16
2018-07-11,444.1000000000001,2452.1600000000003,1921.0,24093.588,23102.381999999998,Wednesday,3.330000000000001
2018-07-12,468.4000000000001,2443.0400000000004,1898.0,23995.102000000006,23008.009000000002,Thursday,4.52
2018-07-13,462.40000000000003,2440.56,1718.0,18464.096999999998,17666.487,Friday,4.22
2018-07-14,452.00000000000006,2446.16,1736.0,11458.009000000002,10881.817000000001,Saturday,4.51
2018-07-15,476.9000000000001,2437.9400000000005,1764.0,24391.016999999996,23391.756000000005,Sunday,5.509999999999999
2018-07-16,483.2999999999999,2436.6400000000003,1745.0,24062.063000000006,23054.836,Monday,3.57
2018-07-17,509.6000000000001,2435.59,1643.0,22124.716999999997,21180.385000000002,Tuesday,3.0400000000000005
2018-07-18,452.8,2445.53,1695.0,21734.324000000004,20796.749000000003,Wednesday,6.72
2018-07-19,412.6000000000001,2447.33,1695.0,19379.419,18533.222000000005,Thursday,3.8600000000000003
2018-07-20,410.5999999999999,2448.2299999999996,1650.0,24473.262,23448.004,Friday,4.95
2018-07-21,421.5,2449.239999999999,1676.0,24355.054,23333.791000000005,Saturday,4.5200000000000005
2018-07-22,460.59999999999997,2451.25,1813.0,23730.046000000002,22733.103,Sunday,7.49
2018-07-23,503.79999999999984,2443.94,1767.0,23195.219,22219.159,Monday,4.39
2018-07-24,502.5000000000001,2443.9900000000002,1719.0,22755.663,21786.852,Tuesday,3.3
2018-07-25,518.3000000000001,2446.1099999999997,1664.0,8523.081,8008.325000000001,Wednesday,3.0800000000000005
2018-07-26,519.4000000000001,2442.4800000000005,1671.0,8314.913,7804.6219999999985,Thursday,3.74
2018-07-27,510.5000000000001,2435.1600000000003,1708.0,22336.813000000006,21393.679,Friday,6.380000000000001
2018-07-28,503.5999999999999,2436.8100000000004,1670.0,6327.021000000001,5869.585000000001,Saturday,4.1899999999999995
2018-07-29,516.5999999999999,2439.12,1764.0,17373.964,16586.245,Sunday,6.0200000000000005
2018-07-30,552.0,2433.77,1667.0,16749.197,15977.640999999998,Monday,5.79
2018-07-31,492.6,2434.3299999999995,1656.0,24327.321000000004,23317.205,Tuesday,3.3500000000000005
2018-08-01,440.0,2435.8500000000004,1763.0,14003.502,13335.517,Wednesday,5.419999999999999
2018-08-02,427.79999999999995,2437.6900000000005,1707.0,24405.29,23394.891,Thursday,3.9400000000000004
2018-08-03,440.6,2442.89,1676.0,24267.717999999997,23263.011,Friday,3.9099999999999997
2018-08-04,442.49999999999994,2438.27,1773.0,23640.260000000006,22660.150999999998,Saturday,7.55
2018-08-05,486.1,2437.1600000000003,1727.0,23882.023999999998,22894.961,Sunday,2.6199999999999997
2018-08-06,507.40000000000003,2442.02,1678.0,18992.569,18156.689,Monday,4.29
2018-08-07,504.3,2436.96,1717.0,18743.038,17919.419000000005,Tuesday,3.69
2018-08-08,550.3999999999999,2428.08,1646.0,23345.451,22379.629,Wednesday,3.66
2018-08-09,556.5,2431.91,1488.0,21153.695,20246.351,Thursday,3.6499999999999995
2018-08-10,542.5000000000001,2427.91,1624.0,9109.604000000001,8598.298,Friday,3.8099999999999996
2018-08-11,445.50000000000006,2436.679999999999,1838.0,11418.423999999999,10837.689999999999,Saturday,9.13
2018-08-12,412.79999999999995,2447.7499999999995,2044.0,21319.659000000003,20411.378,Sunday,6.430000000000001
2018-08-13,436.59999999999997,2443.3,2076.0,23139.054,22181.994,Monday,3.0800000000000005
2018-08-14,469.29999999999995,2430.57,2032.0,22928.015,21998.755,Tuesday,3.46
2018-08-15,471.4000000000001,2428.0299999999997,1966.0,22917.565,21987.111999999997,Wednesday,7.959999999999999
2018-08-16,434.10000000000014,2438.67,1899.0,5698.781,5300.744999999999,Thursday,3.2300000000000004
2018-08-17,406.3999999999999,2451.5899999999997,1879.0,13778.345,13145.271999999999,Friday,2.5200000000000005
2018-08-18,405.1,2349.78,1824.0,23220.814000000002,22276.657000000003,Saturday,6.09
2018-08-19,420.69999999999993,2442.3199999999997,2062.0,22321.93,21416.366000000005,Sunday,6.48
2018-08-20,443.99999999999994,2439.21,1990.0,21450.803,20571.926,Monday,6.35
2018-08-21,485.29999999999995,2439.24,1631.0,23120.633,22185.822999999997,Tuesday,5.1
2018-08-22,441.49999999999994,2429.8,1863.0,18427.221,17649.854999999996,Wednesday,3.84
2018-08-23,393.4,2434.68,1933.0,19322.492000000002,18509.221,Thursday,3.11
2018-08-24,395.8,2440.43,1807.0,23478.285999999996,22534.101,Friday,2.8000000000000007
2018-08-25,341.79999999999995,2440.5900000000006,2086.0,20239.409,19413.847999999998,Saturday,6.6000000000000005
2018-08-26,370.7,2435.27,2012.0,22462.045,21538.395999999997,Sunday,6.109999999999999
2018-08-27,387.70000000000005,2443.07,1923.0,18510.716,17706.981,Monday,4.210000000000001
2018-08-28,403.29999999999995,2440.49,1739.0,16195.464999999998,15489.479999999998,Tuesday,3.18
2018-08-29,410.99999999999994,2427.079999999999,1977.0,15526.313,14817.255000000001,Wednesday,3.0900000000000003
2018-08-30,410.2,2435.8299999999995,1881.0,9320.089,8821.347,Thursday,5.2200000000000015
2018-08-31,406.00000000000006,2443.31,1753.0,21093.149,20220.554999999997,Friday,5.589999999999999
2018-09-01,381.4,2445.4799999999996,1781.0,20371.868000000006,19531.977000000003,Saturday,4.079999999999999
2018-09-02,384.19999999999993,2443.3800000000006,1791.0,15397.235,14708.486000000003,Sunday,3.1800000000000006
2018-09-03,387.3000000000001,2445.1899999999996,1808.0,18584.671,17802.828999999998,Monday,3.34
2018-09-04,372.8,2445.1100000000006,1960.0,5114.624999999999,4733.233,Tuesday,3.7499999999999996
2018-09-05,396.10000000000014,2437.02,1836.0,21824.219,20926.124,Wednesday,4.7700000000000005
2018-09-06,453.59999999999997,2437.6300000000006,1564.0,16833.804,16126.993999999999,Thursday,5.099999999999999
2018-09-07,381.59999999999997,2440.8699999999994,1890.0,23202.987,22272.894000000004,Friday,5.290000000000001
2018-09-08,377.30000000000007,2440.98,2116.0,16261.939,15551.399999999998,Saturday,2.65
2018-09-09,360.70000000000016,2432.6799999999994,2163.0,19137.22,18333.060999999998,Sunday,10.360000000000001
2018-09-10,344.99999999999994,2431.8600000000006,2181.0,12240.568000000001,11667.13,Monday,4.95
2018-09-11,352.59999999999997,2431.17,2088.0,14555.795,13909.029999999999,Tuesday,11.86
2018-09-12,355.00000000000006,2430.1899999999996,1977.0,11678.946,11132.284999999998,Wednesday,5.34
2018-09-13,351.1,2432.38,1925.0,14293.655999999999,13666.160999999998,Thursday,8.389999999999999
2018-09-14,347.69999999999993,2433.0799999999995,1898.0,11022.957,10470.951,Friday,9.489999999999998
2018-09-15,323.09999999999997,2424.6299999999997,2113.0,6245.456,5863.156,Saturday,16.490000000000002
2018-09-16,317.59999999999997,2426.58,2150.0,4187.874,3859.234,Sunday,13.910000000000004
2018-09-17,312.90000000000003,2446.7799999999997,1988.0,8269.346,7826.812999999999,Monday,9.01
2018-09-18,288.59999999999997,2446.1500000000005,2053.0,5534.773999999999,5177.004,Tuesday,4.079999999999999
2018-09-19,315.90000000000003,2442.5300000000007,1962.0,10456.168,9958.677,Wednesday,11.170000000000003
2018-09-20,310.8,2445.03,2135.0,16805.262,16095.159,Thursday,11.5
2018-09-21,332.3999999999999,2429.69,2198.0,21526.917999999998,20677.802000000003,Friday,10.82
2018-09-22,348.3999999999999,2425.1699999999996,2223.0,3870.088,3548.404,Saturday,9.81
2018-09-23,309.6,2447.3899999999994,1966.0,8893.315999999999,8441.600999999999,Sunday,15.92
2018-09-24,291.9,2458.5699999999997,2083.0,18396.511,17611.122000000003,Monday,6.53
2018-09-25,299.09999999999997,2460.3,2112.0,12622.195,12025.874,Tuesday,9.970000000000002
2018-09-26,312.4,2454.55,2154.0,7719.067,7277.783,Wednesday,4.36
2018-09-27,326.1999999999999,2442.31,2154.0,14573.336000000001,13913.328000000001,Thursday,6.34
2018-09-28,352.6,2426.8900000000003,2149.0,13625.538,13000.51,Friday,5.439999999999999
2018-09-29,323.3,2419.93,2014.0,8123.338000000001,7668.7880000000005,Saturday,8.41
2018-09-30,294.8,2421.9299999999994,2227.0,9225.389,8739.173,Sunday,1.570000000000001
2018-10-01,343.00000000000006,2417.69,2210.0,4722.887,4360.704,Monday,1.4800000000000009
2018-10-02,272.00000000000006,2417.18,1970.0,13827.561,13203.912999999999,Tuesday,1.4800000000000009
2018-10-03,168.2,2439.7799999999997,1739.0,22687.773,21766.317999999996,Wednesday,1.5400000000000007
2018-10-04,192.20000000000002,2438.2200000000003,1838.0,21424.524,20548.415999999997,Thursday,2.1700000000000004
2018-10-05,235.29999999999998,2438.91,1949.0,10461.192000000001,9941.577000000001,Friday,1.4600000000000009
2018-10-06,249.10000000000002,2446.3299999999995,2067.0,17706.588000000003,16970.517999999996,Saturday,2.020000000000001
2018-10-07,257.8,2451.04,2154.0,16278.310000000001,15571.534,Sunday,1.4300000000000008
2018-10-08,258.5,2436.69,2276.0,6899.857000000001,6486.432000000001,Monday,1.4700000000000009
2018-10-09,275.8,2431.6400000000003,2189.0,4469.273,4118.790000000001,Tuesday,1.5100000000000007
2018-10-10,264.5,2440.8100000000004,2181.0,4069.512,3736.994,Wednesday,1.4700000000000009
2018-10-11,233.1,2447.27,2148.0,17820.610999999997,17062.61,Thursday,1.4800000000000009
2018-10-12,254.29999999999998,2446.8199999999997,2107.0,14901.572000000002,14240.217,Friday,1.4800000000000009
2018-10-13,230.99999999999997,2461.080000000001,2158.0,4465.186000000001,4127.866999999999,Saturday,1.5700000000000007
2018-10-14,204.89999999999998,2469.37,1826.0,15312.461999999998,14657.410999999998,Sunday,1.540000000000001
2018-10-15,206.49999999999997,2467.01,2047.0,5026.155,4678.147000000001,Monday,1.520000000000001
2018-10-16,222.90000000000003,2461.8900000000003,2183.0,12222.225,11652.66,Tuesday,1.4800000000000009
2018-10-17,228.30000000000004,2451.12,2154.0,3154.91,2854.1989999999996,Wednesday,1.520000000000001
2018-10-18,240.10000000000008,2450.94,2106.0,3467.896,3168.57,Thursday,1.4700000000000009
2018-10-19,235.29999999999998,2457.95,2169.0,3318.8529999999996,3024.326,Friday,1.4600000000000009
2018-10-20,201.39999999999998,2452.2200000000003,2322.0,7725.567,7311.165999999999,Saturday,1.4800000000000009
2018-10-21,224.49999999999997,2438.6700000000005,2259.0,9461.082,8993.740999999998,Sunday,1.4400000000000008
2018-10-22,192.29999999999998,2433.32,2328.0,5585.745999999999,5231.232,Monday,1.5300000000000007
2018-10-23,215.29999999999998,2428.52,2232.0,8401.816,7976.264,Tuesday,1.5300000000000007
2018-10-24,282.59999999999997,2439.2599999999998,2145.0,16539.951,15858.525,Wednesday,1.4700000000000009
2018-10-25,289.20000000000005,2436.84,2213.0,9562.505000000003,9089.944000000001,Thursday,1.4400000000000008
2018-10-26,311.6,2431.96,2065.0,3022.314,2740.3399999999997,Friday,1.4800000000000009
2018-10-27,225.29999999999998,2437.04,2128.0,3115.806,2832.24,Saturday,1.4500000000000008
2018-10-28,250.8,2423.46,2119.0,9143.322999999999,8707.062000000002,Sunday,1.4300000000000006
2018-10-29,221.7,2447.73,2202.0,15725.501999999999,15084.462999999998,Monday,3.1900000000000004
2018-10-30,239.39999999999995,2458.29,2219.0,4847.683,4519.034,Tuesday,2.9
2018-10-31,239.2,2441.0700000000006,2308.0,2853.0609999999997,2574.5660000000003,Wednesday,5.529999999999999
2018-11-01,290.50000000000006,2437.7699999999995,2321.0,1567.6469999999997,1319.162,Thursday,1.9100000000000008
2018-11-02,299.3999999999999,2437.4100000000008,2135.0,1522.6850000000002,1284.657,Friday,1.4600000000000006
2018-11-03,259.1,2447.2200000000003,2251.0,14529.795000000002,13935.796999999999,Saturday,1.4900000000000009
2018-11-04,277.90000000000003,2525.109999999999,2170.0,12635.588,12089.562,Sunday,1.5000000000000009
2018-11-05,225.00000000000006,2436.8199999999997,2157.0,9466.239000000001,9018.242999999999,Monday,1.4300000000000008
2018-11-06,227.09999999999994,2450.5300000000007,2085.0,3615.958,3329.0049999999997,Tuesday,1.7000000000000006
2018-11-07,151.29999999999998,2470.6799999999994,2130.0,7320.286999999999,6925.2699999999995,Wednesday,5.43
2018-11-08,132.70000000000002,2482.53,2101.0,3575.4149999999995,3291.3819999999996,Thursday,12.389999999999997
2018-11-09,137.69999999999996,2464.1000000000004,2236.0,4711.736000000001,4388.4130000000005,Friday,14.249999999999996
2018-11-10,162.0,2470.3199999999997,2101.0,3017.661,2733.692,Saturday,9.129999999999997
2018-11-11,98.69999999999999,2476.59,2178.0,9724.795000000002,9257.560000000001,Sunday,13.579999999999998
2018-11-12,106.3,2472.4,2145.0,4877.987,4572.847,Monday,14.870000000000001
2018-11-13,147.20000000000002,2463.2599999999998,2041.0,6988.232,6606.936,Tuesday,12.899999999999999
2018-11-14,227.30000000000004,2455.69,2203.0,1712.1549999999997,1476.9850000000001,Wednesday,8.969999999999999
2018-11-15,230.90000000000003,2458.03,2262.0,2350.641,2116.827,Thursday,16.83
2018-11-16,205.59999999999994,2458.19,2262.0,4587.534000000001,4284.54,Friday,27.77
2018-11-17,93.50000000000001,2464.52,2066.0,8983.793,8563.297,Saturday,22.550000000000004
2018-11-18,75.99999999999999,2455.6600000000003,2153.0,4989.994000000001,4683.330999999999,Sunday,31.919999999999998
2018-11-19,74.7,2448.6300000000006,2258.0,8674.027,8264.384,Monday,28.189999999999998
2018-11-20,111.5,2434.1300000000006,2189.0,12660.975,12145.123,Tuesday,28.169999999999995
2018-11-21,205.5,2416.11,2086.0,8310.423999999999,7930.785999999998,Wednesday,29.23
2018-11-22,200.39999999999998,2402.07,2222.0,2461.9359999999997,2213.138,Thursday,24.199999999999996
2018-11-23,183.79999999999998,2408.8700000000003,2150.0,1539.7100000000003,1354.5500000000002,Friday,19.059999999999995
2018-11-24,161.4,2445.1499999999996,2198.0,981.239,807.0699999999999,Saturday,23.930000000000003
2018-11-25,163.5,2449.49,2141.0,1344.101,1162.512,Sunday,21.32
2018-11-26,233.50000000000003,2421.8300000000004,2240.0,6455.43,6148.134,Monday,15.46
2018-11-27,271.8,2403.789999999999,2137.0,3775.9929999999995,3535.063,Tuesday,15.959999999999999
2018-11-28,213.1,2414.3199999999997,2222.0,3503.965,3276.0580000000004,Wednesday,14.9
2018-11-29,180.29999999999998,2411.6,2303.0,7281.9039999999995,6952.2119999999995,Thursday,18.569999999999997
2018-11-30,165.6,2414.3800000000006,2212.0,1443.416,1260.1860000000001,Friday,20.689999999999998
2018-12-01,138.7,2427.22,2190.0,7402.285000000001,7058.040000000001,Saturday,25.680000000000003
2018-12-02,71.9,2448.9799999999996,2178.0,1671.0510000000002,1483.197,Sunday,25.019999999999996
2018-12-03,42.10000000000001,2467.8600000000006,1994.0,4946.929,4672.842,Monday,28.570000000000007
2018-12-04,2.600000000000002,2465.88,1928.0,1265.1870000000001,1085.485,Tuesday,36.60000000000001
2018-12-05,14.599999999999998,2454.41,2069.0,7391.037,7055.153,Wednesday,41.26
2018-12-06,-14.299999999999997,2451.44,1985.0,10277.354,9865.648,Thursday,39.17999999999999
2018-12-07,-13.300000000000017,2449.9299999999994,1959.0,3462.048,3236.1110000000003,Friday,35.269999999999996
2018-12-08,91.7,2460.57,2060.0,9302.506,8921.601,Saturday,28.079999999999995
2018-12-09,135.4,2445.7499999999995,2257.0,2964.0899999999997,2748.943,Sunday,24.860000000000007
2018-12-10,172.89999999999995,2450.6,2186.0,2168.005,1967.4740000000002,Monday,22.830000000000002
2018-12-11,165.1,2416.8399999999997,2232.0,955.6560000000001,781.991,Tuesday,20.459999999999997
2018-12-12,145.7,2441.28,2135.0,919.254,746.281,Wednesday,22.6
2018-12-13,171.79999999999998,2431.42,2275.0,1715.419,1526.1100000000001,Thursday,26.110000000000003
2018-12-14,220.7,2400.7200000000003,1636.0,843.965,672.432,Friday,20.8
2018-12-15,142.0,2432.0199999999995,1871.0,4749.529,4484.188,Saturday,23.579999999999995
2018-12-16,200.99999999999997,2409.600000000001,2109.0,5636.984,5342.762,Sunday,23.130000000000003
2018-12-17,209.00000000000003,2419.3199999999997,2098.0,3383.148,3153.233,Monday,15.82
2018-12-18,205.29999999999998,2407.4900000000002,2133.0,6424.369,6118.725,Tuesday,19.630000000000003
2018-12-19,195.69999999999996,2446.5199999999995,2026.0,3187.25,2960.877,Wednesday,15.24
2018-12-20,199.20000000000005,2406.8300000000004,1979.0,5494.324999999999,5215.666000000001,Thursday,18.979999999999997
2018-12-21,108.9,2447.390000000001,1777.0,3268.033,3043.2280000000005,Friday,22.41
2018-12-22,106.59999999999997,2441.69,2074.0,1882.977,1690.2250000000001,Saturday,26.729999999999997
2018-12-23,160.60000000000002,2429.64,2195.0,12635.117999999999,12144.135000000002,Sunday,24.4
2018-12-24,141.59999999999997,2441.8500000000004,2157.0,1388.557,1206.197,Monday,20.77
2018-12-25,98.30000000000001,2453.86,2176.0,1233.5149999999999,1054.401,Tuesday,22.16
2018-12-26,87.5,2442.1599999999994,2183.0,10043.914,9634.489,Wednesday,30.82
2018-12-27,85.0,2464.9099999999994,2148.0,4007.0339999999997,3762.96,Thursday,32.64999999999999
2018-12-28,77.00000000000001,2460.59,2242.0,1385.535,1206.498,Friday,32.95
2018-12-29,185.30000000000004,2432.2200000000003,2210.0,6743.449999999999,6427.44,Saturday,25.890000000000004
2018-12-30,123.00000000000001,2448.9800000000005,2047.0,2113.975,1894.185,Sunday,26.24
2018-12-31,47.0,2475.8699999999994,1884.0,3806.31,3546.863,Monday,33.57
2019-01-01,72.7,2471.6400000000003,1874.0,4130.735999999999,3863.141,Tuesday,23.869999999999997
2019-01-02,92.10000000000002,2447.97,1993.0,13555.077,13020.662999999999,Wednesday,22.520000000000003
2019-01-03,182.3,2414.520000000001,2302.0,14369.589999999998,13807.356,Thursday,24.73
2019-01-04,200.80000000000004,2413.93,2154.0,14049.7,13474.96,Friday,19.01
2019-01-05,168.5,2396.9400000000005,2115.0,13921.015000000001,13354.079,Saturday,25.64
2019-01-06,144.00000000000003,2389.89,1997.0,1742.731,1531.454,Sunday,17.79
2019-01-07,83.69999999999999,2437.22,1792.0,3454.2659999999996,3188.676,Monday,28.789999999999996
2019-01-08,59.2,2439.65,1931.0,5990.694,5664.196,Tuesday,33.05
2019-01-09,163.29999999999998,2412.0799999999995,2185.0,1811.7829999999997,1595.497,Wednesday,24.450000000000003
2019-01-10,230.99999999999997,2436.5899999999997,2157.0,1137.832,937.8169999999999,Thursday,17.16
2019-01-11,178.8,2437.35,2213.0,1152.2079999999999,951.489,Friday,13.589999999999998
2019-01-12,122.2,2438.4199999999996,2134.0,1910.2230000000002,1689.0919999999996,Saturday,25.89
2019-01-13,106.29999999999998,2451.0600000000004,2299.0,1572.8260000000002,1358.342,Sunday,15.83
2019-01-14,48.79999999999999,2442.94,2400.0,1031.291,827.451,Monday,19.63
2019-01-15,40.300000000000004,2427.76,2378.0,1826.2390000000003,1603.333,Tuesday,23.42000000000001
2019-01-16,59.699999999999996,2417.3000000000006,2265.0,985.4930000000002,782.6410000000001,Wednesday,22.319999999999997
2019-01-17,152.9,2399.39,2081.0,6354.936,5998.877,Thursday,19.299999999999997
2019-01-18,203.40000000000006,2431.2599999999998,2038.0,9537.596000000001,9096.990000000002,Friday,15.320000000000002
2019-01-19,171.3,2436.6700000000005,2001.0,14153.334999999997,13581.107,Saturday,16.0
2019-01-20,116.49999999999999,2436.89,2114.0,9165.468,8739.880000000001,Sunday,20.33
2019-01-21,76.9,2457.9100000000003,2021.0,15387.465,14773.331000000002,Monday,23.05
2019-01-22,115.60000000000001,2456.54,2129.0,4253.099,3965.1569999999992,Tuesday,23.029999999999998
2019-01-23,135.1,2454.5800000000004,2210.0,5415.161999999999,5092.977000000001,Wednesday,21.03
2019-01-24,139.3,2477.97,2200.0,15335.806,14725.309,Thursday,16.689999999999998
2019-01-25,132.8,2478.8999999999987,2189.0,9141.141,8719.767,Friday,19.880000000000003
2019-01-26,145.29999999999998,2480.8800000000006,2125.0,4955.909000000001,4639.9310000000005,Saturday,21.069999999999997
2019-01-27,113.9,2468.83,2228.0,9384.655999999999,8974.151,Sunday,24.17
2019-01-28,82.0,2466.2599999999998,2287.0,4673.355,4393.296,Monday,23.61
2019-01-29,52.3,2450.4700000000003,2190.0,4937.022,4654.37,Tuesday,22.719999999999995
2019-01-30,78.89999999999999,2438.17,2117.0,5429.428,5132.535,Wednesday,21.27
2019-01-31,147.1,2422.71,1977.0,14483.339,13910.698,Thursday,17.620000000000005
2019-02-01,173.4,2402.84,2278.0,8226.162,7854.699,Friday,22.549999999999997
2019-02-02,121.9,2404.4900000000002,1933.0,10651.497,10209.954000000002,Saturday,16.15
2019-02-03,-1.4000000000000083,2391.2200000000003,1889.0,11411.935,10941.779000000002,Sunday,31.87
2019-02-04,-85.89999999999999,2414.3599999999997,1588.0,10133.477,9694.981,Monday,52.790000000000006
2019-02-05,-94.69999999999999,2431.7599999999998,1553.0,1927.132,1711.819,Tuesday,39.79
2019-02-06,-62.99999999999999,2459.1199999999994,1636.0,1786.157,1573.963,Wednesday,36.19
2019-02-07,-46.5,2466.36,1674.0,3338.491,3070.393,Thursday,40.8
2019-02-08,-7.399999999999999,2442.3500000000004,1598.0,8757.923999999999,8334.561,Friday,44.52
2019-02-09,2.8999999999999995,2425.810000000001,809.0,9870.671,9425.425,Saturday,37.410000000000004
2019-02-10,-104.70000000000002,2419.0999999999995,1553.0,4491.392000000001,4175.01,Sunday,44.39
2019-02-11,-90.70000000000002,2418.25,1922.0,17256.694,16570.833,Monday,51.88000000000001
2019-02-12,-46.1,2414.4599999999996,2271.0,16631.224000000002,15961.141000000001,Tuesday,41.50999999999999
2019-02-13,-29.900000000000002,2410.1200000000003,2123.0,18492.488,17748.150999999998,Wednesday,28.129999999999995
2019-02-14,-42.6,2383.51,2169.0,20182.489,19387.506,Thursday,45.879999999999995
2019-02-15,59.0,2401.4200000000005,2266.0,19519.218,18727.721999999998,Friday,30.679999999999996
2019-02-16,61.09999999999999,2422.5299999999997,2237.0,10145.650000000001,9665.802,Saturday,33.96999999999999
2019-02-17,75.49999999999999,2450.01,2087.0,6089.6759999999995,5718.366,Sunday,16.62
2019-02-18,28.699999999999996,2468.04,1620.0,9925.914000000002,9462.561,Monday,27.200000000000003
2019-02-19,39.099999999999994,2446.0,2122.0,10863.255000000001,10341.773000000001,Tuesday,36.25000000000001
2019-02-20,67.9,2428.6500000000005,2101.0,17813.36,17080.48,Wednesday,24.709999999999997
2019-02-21,55.79999999999999,2447.3100000000004,1593.0,3011.327,2725.352,Thursday,25.11
2019-02-22,66.99999999999999,2431.21,2004.0,20747.292,19913.495000000003,Friday,36.04
2019-02-23,77.09999999999998,2442.2000000000003,2130.0,21822.801,20946.795000000002,Saturday,32.1
2019-02-24,63.50000000000001,2438.5400000000004,1926.0,22472.837,21572.054000000004,Sunday,21.499999999999996
2019-02-25,17.8,2431.2799999999997,1224.0,19818.935000000005,19016.354999999996,Monday,21.74
2019-02-26,8.700000000000001,2447.82,889.0,22124.635000000002,21237.498999999996,Tuesday,24.790000000000003
2019-02-27,46.99999999999999,2432.53,1394.0,8374.545,7938.599000000001,Wednesday,35.19
2019-02-28,62.79999999999999,2445.9200000000005,1884.0,17744.233,17007.060000000005,Thursday,26.639999999999997
2019-03-01,40.2,2451.3399999999997,1958.0,20422.488999999998,19602.389,Friday,28.16
2019-03-02,45.1,2454.2700000000004,1713.0,2164.0879999999997,1887.615,Saturday,19.48
2019-03-03,52.40000000000001,2462.7000000000007,968.0,4285.888,3948.7920000000004,Sunday,21.610000000000007
2019-03-04,23.4,2461.53,1137.0,16154.375000000002,15485.259,Monday,25.309999999999995
2019-03-05,44.400000000000006,2443.3199999999997,1255.0,3435.444,3122.7519999999995,Tuesday,29.48
2019-03-06,10.699999999999998,2412.31,1852.0,12087.714999999998,11529.649,Wednesday,28.519999999999996
2019-03-07,58.3,2427.9500000000003,2204.0,6217.039000000001,5861.4839999999995,Thursday,38.230000000000004
2019-03-08,60.699999999999996,2436.39,2017.0,3496.8290000000006,3205.523,Friday,14.260000000000003
2019-03-09,55.800000000000004,2442.5899999999992,1928.0,5469.156999999999,5130.853,Saturday,15.310000000000004
2019-03-10,67.10000000000001,2352.69,1754.0,3826.746,3527.1789999999996,Sunday,20.7
2019-03-11,107.3,2441.85,1737.0,3240.2720000000004,2932.272,Monday,39.17
2019-03-12,117.19999999999999,2425.69,2067.0,2700.451,2402.0089999999996,Tuesday,22.12
2019-03-13,139.6,2458.13,1910.0,2398.553,2108.024,Wednesday,18.599999999999998
2019-03-14,154.09999999999997,2468.77,1834.0,7121.446,6709.857,Thursday,19.940000000000005
2019-03-15,174.20000000000002,2466.8400000000006,2071.0,15536.202,14858.229,Friday,13.290000000000001
2019-03-16,164.10000000000002,2461.2700000000004,2049.0,14996.571999999998,14333.637999999999,Saturday,19.969999999999995
2019-03-17,169.3,2462.62,2068.0,19467.977,18652.121,Sunday,9.35
2019-03-18,187.60000000000002,2453.93,1940.0,11114.692,10567.907,Monday,8.95
2019-03-19,210.50000000000003,2442.06,1801.0,3043.508,2733.068,Tuesday,7.35
2019-03-20,218.2,2431.13,1793.0,10669.161,10131.723,Wednesday,10.280000000000001
2019-03-21,267.1,2436.9000000000005,1570.0,4907.784,4551.835999999999,Thursday,7.559999999999999
2019-03-22,291.7,2431.4700000000007,1655.0,17397.744,16655.37,Friday,9.620000000000001
2019-03-23,222.6,2449.94,1959.0,5523.104,5141.8189999999995,Saturday,11.130000000000004
2019-03-24,195.30000000000004,2451.7599999999998,1958.0,14477.610999999999,13824.502000000002,Sunday,8.0
2019-03-25,198.5,2434.8599999999997,2024.0,13579.899000000001,12954.99,Monday,8.16
2019-03-26,222.99999999999994,2439.6200000000003,1886.0,17755.12,17003.785,Tuesday,5.520000000000001
2019-03-27,180.49999999999997,2433.47,1938.0,21984.913999999997,21095.465999999997,Wednesday,7.820000000000001
2019-03-28,244.60000000000005,2446.13,1682.0,15309.761000000004,14649.016000000003,Thursday,7.819999999999999
2019-03-29,225.60000000000002,2462.2300000000005,1779.0,16657.421,15955.188999999998,Friday,14.29
2019-03-30,234.09999999999997,2467.9900000000007,1782.0,11360.074999999999,10823.632000000001,Saturday,8.389999999999999
2019-03-31,218.6,2456.6000000000004,1878.0,23079.605,22132.429,Sunday,6.4399999999999995
2019-04-01,241.0,2440.6400000000003,1850.0,6702.096,6287.2699999999995,Monday,7.81
2019-04-02,260.90000000000003,2422.6700000000005,1587.0,11923.306,11363.69,Tuesday,7.980000000000001
2019-04-03,265.1,2420.67,1970.0,9614.098,9111.426000000001,Wednesday,6.590000000000001
2019-04-04,259.99999999999994,2430.3600000000006,1844.0,8110.977000000001,7646.993000000001,Thursday,10.340000000000002
2019-04-05,265.9,2411.0499999999997,1843.0,16930.546000000002,16196.162999999999,Friday,12.409999999999998
2019-04-06,222.0,2415.15,1792.0,21513.220999999998,20614.773999999998,Saturday,3.0399999999999987
2019-04-07,231.39999999999998,2433.01,1839.0,14758.317000000003,14092.762999999999,Sunday,1.5500000000000005
2019-04-08,196.70000000000002,2437.209999999999,1978.0,20787.805999999997,19913.423,Monday,1.5700000000000007
2019-04-09,239.29999999999995,2447.95,1880.0,15110.799,14433.748,Tuesday,8.85
2019-04-10,210.3,2456.0300000000007,1984.0,9331.839000000002,8824.008,Wednesday,14.150000000000002
2019-04-11,189.99999999999997,2440.04,2129.0,19862.503999999997,19007.005,Thursday,12.76
2019-04-12,207.0,2439.73,1975.0,15802.395,15102.122000000001,Friday,10.88
2019-04-13,202.19999999999996,2424.7599999999998,1981.0,15351.567,14657.567,Saturday,13.489999999999998
2019-04-14,194.9,2425.48,1691.0,23100.228,22137.888,Sunday,13.09
2019-04-15,185.4,2423.0899999999997,1820.0,24188.989999999998,23180.470999999998,Monday,12.2
2019-04-16,200.5,2433.33,1818.0,14364.687,13710.609,Tuesday,8.18
2019-04-17,271.8,2455.98,1880.0,25234.701999999994,24195.504000000004,Wednesday,8.25
2019-04-18,256.0,2451.48,2201.0,11416.616,10870.522,Thursday,8.5
2019-04-19,268.20000000000005,2434.8500000000004,2122.0,24277.543,23282.827,Friday,14.169999999999998
2019-04-20,248.3,2440.88,1889.0,25353.459999999995,24323.778,Saturday,8.330000000000002
2019-04-21,261.70000000000005,2457.0699999999993,1757.0,23785.734999999997,22810.218999999994,Sunday,9.560000000000002
2019-04-22,236.89999999999998,2456.6499999999996,1997.0,19599.810999999998,18784.937,Monday,5.459999999999999
2019-04-23,270.3,2450.6800000000007,1995.0,4129.2,3759.199,Tuesday,6.280000000000001
2019-04-24,236.1,2462.74,1559.0,18870.328999999998,18076.779,Wednesday,4.13
2019-04-25,220.3,2452.2099999999996,1807.0,23705.92,22738.706,Thursday,12.46
2019-04-26,242.60000000000002,2446.6499999999996,1763.0,25422.539999999997,24391.618000000002,Friday,6.670000000000002
2019-04-27,226.60000000000002,2445.6399999999994,1470.0,26017.216999999997,24962.782,Saturday,9.66
2019-04-28,217.89999999999995,2458.7099999999996,1616.0,24545.638999999996,23551.826,Sunday,11.69
2019-04-29,244.1,2449.8200000000006,1490.0,25638.314999999995,24599.288999999997,Monday,9.510000000000003
2019-04-30,269.4,2445.91,1281.0,25240.872,24217.936999999998,Tuesday,5.78
2019-05-01,292.8999999999999,2436.95,1346.0,24181.780000000002,23185.587,Wednesday,6.830000000000001
2019-05-02,291.2,2443.9700000000003,1662.0,19093.691,18266.538,Thursday,7.760000000000001
2019-05-03,281.6000000000001,2446.77,1753.0,10625.498000000001,10079.608,Friday,6.38
2019-05-04,281.3,2436.7799999999997,1842.0,9376.253999999999,8862.104,Saturday,13.769999999999996
2019-05-05,304.99999999999994,2429.9599999999996,1860.0,23861.513000000003,22883.394,Sunday,9.43
2019-05-06,327.09999999999997,2435.06,1829.0,25142.079,24106.893,Monday,7.460000000000001
2019-05-07,327.2999999999999,2443.31,1810.0,20252.592999999997,19388.568,Tuesday,5.140000000000001
2019-05-08,332.20000000000005,2449.64,1886.0,16007.248999999998,15303.558,Wednesday,9.269999999999998
2019-05-09,377.4,2441.120000000001,1809.0,23006.743999999995,22035.135000000002,Thursday,6.51
2019-05-10,409.00000000000006,2428.91,1543.0,18157.612999999998,17377.993000000002,Friday,6.67
2019-05-11,400.7,2425.0399999999995,1706.0,18660.853999999996,17839.102999999996,Saturday,9.35
2019-05-12,330.6,2430.87,1830.0,22670.336,21718.325,Sunday,5.609999999999999
2019-05-13,307.40000000000003,2432.4899999999993,1740.0,23308.738,22336.221999999998,Monday,6.950000000000001
2019-05-14,291.0,2430.4999999999995,2043.0,11733.576,11145.192000000001,Tuesday,4.53
2019-05-15,333.49999999999994,2421.33,1980.0,17508.737000000005,16734.448,Wednesday,4.819999999999999
2019-05-16,354.79999999999995,2402.2,2044.0,23423.311000000005,22438.54,Thursday,13.500000000000002
2019-05-17,335.29999999999995,2420.03,1718.0,20244.024000000005,19366.482000000004,Friday,10.530000000000001
2019-05-18,351.5,2421.2200000000003,1613.0,25546.134,24491.079,Saturday,2.68
2019-05-19,379.3999999999999,2412.8999999999996,1708.0,21951.843999999994,21029.472000000005,Sunday,2.5000000000000004
2019-05-20,300.90000000000003,2415.9100000000003,2049.0,9345.353000000001,8814.363999999998,Monday,13.430000000000001
2019-05-21,327.8,2417.4600000000005,2077.0,17634.310999999998,16849.577999999998,Tuesday,7.329999999999999
2019-05-22,361.4,2434.0000000000005,1935.0,10764.746000000001,10192.885,Wednesday,13.260000000000002
2019-05-23,389.59999999999997,2433.5199999999995,1874.0,23088.302,22114.273999999998,Thursday,3.83
2019-05-24,331.20000000000005,2427.4700000000007,1901.0,10659.313,10085.266000000003,Friday,4.17
2019-05-25,295.7,2429.9300000000007,2042.0,15746.307999999999,15025.315,Saturday,3.3399999999999994
2019-05-26,359.8,2427.34,1926.0,22331.862,21362.742,Sunday,7.75
2019-05-27,429.00000000000006,2431.4100000000003,1763.0,24504.703999999998,23465.603,Monday,7.050000000000001
2019-05-28,368.1000000000001,2440.9599999999996,1875.0,19413.015,18558.441,Tuesday,9.030000000000001
2019-05-29,354.19999999999993,2438.1700000000005,1957.0,25270.438,24204.14,Wednesday,4.08
2019-05-30,389.2,2435.93,1896.0,9681.515000000001,9133.029999999999,Thursday,5.580000000000001
2019-05-31,405.59999999999997,2439.7400000000002,1818.0,24498.446999999996,23461.386,Friday,10.32
2019-06-01,393.4,2435.41,1837.0,21955.654,20984.208,Saturday,4.24
2019-06-02,430.20000000000005,2428.29,1571.0,20822.332,19928.935999999998,Sunday,4.319999999999999
2019-06-03,392.5999999999999,2440.6000000000004,1437.0,20913.483,20015.926,Monday,9.019999999999998
2019-06-04,357.2999999999999,2446.0499999999997,1402.0,20356.163999999997,19474.574000000004,Tuesday,4.5200000000000005
2019-06-05,351.79999999999995,2435.3,1462.0,12769.23,12134.869999999999,Wednesday,6.240000000000001
2019-06-06,320.50000000000006,2433.62,1478.0,8843.811000000002,8333.064999999999,Thursday,6.659999999999999
2019-06-07,313.2,2440.48,1646.0,8570.593,8068.888999999999,Friday,5.52
2019-06-08,351.5,2463.1099999999997,1616.0,9502.861,8971.876,Saturday,9.33
2019-06-09,362.90000000000003,2467.47,1568.0,10872.747000000001,10302.511999999997,Sunday,6.850000000000001
2019-06-10,400.0,2462.12,1677.0,14685.188,13998.121,Monday,8.16
2019-06-11,452.19999999999993,2455.3799999999997,1789.0,8358.264,7861.075,Tuesday,6.910000000000001
2019-06-12,510.50000000000006,2431.67,1635.0,18421.588000000003,17606.82,Wednesday,7.21
2019-06-13,474.6999999999999,2424.9500000000003,1603.0,14592.677999999998,13900.964000000002,Thursday,11.3
2019-06-14,390.29999999999995,2439.5200000000004,1751.0,11658.853000000001,11070.072,Friday,4.33
2019-06-15,413.7000000000001,2440.81,1728.0,21376.329999999998,20464.632,Saturday,8.14
2019-06-16,413.5000000000001,2438.38,1730.0,25639.269000000004,24575.829,Sunday,9.149999999999999
2019-06-17,431.20000000000005,2442.9200000000005,1696.0,24641.094999999998,23617.723,Monday,6.37
2019-06-18,434.79999999999995,2448.22,1563.0,5857.021,5421.929000000001,Tuesday,5.379999999999999
2019-06-19,380.50000000000006,2444.88,1426.0,17436.733,16671.896,Wednesday,7.96
2019-06-20,364.49999999999994,2440.94,1575.0,24834.103999999996,23801.855,Thursday,7.890000000000001
2019-06-21,410.1,2446.6800000000003,1473.0,24296.472,23281.998000000003,Friday,10.060000000000002
2019-06-22,383.1,2450.9700000000007,1659.0,23943.231,22950.196,Saturday,11.969999999999997
2019-06-23,354.1999999999999,2446.3300000000004,1862.0,23162.179,22183.047,Sunday,5.67
2019-06-24,371.4,2438.7000000000003,1694.0,16249.903999999999,15512.174,Monday,6.010000000000002
2019-06-25,398.7000000000001,2427.19,1523.0,24850.154,23819.677,Tuesday,9.72
2019-06-26,422.5,2427.2099999999996,1568.0,24776.643,23748.992999999995,Wednesday,11.17
2019-06-27,393.30000000000007,2435.23,1809.0,23846.002,22855.645999999997,Thursday,7.050000000000001
2019-06-28,391.5,2445.3400000000006,1726.0,23741.693,22755.665000000005,Friday,6.6499999999999995
2019-06-29,414.99999999999994,2448.85,1721.0,23610.266,22623.075,Saturday,14.749999999999996
2019-06-30,427.5,2446.78,1715.0,12210.52,11590.730000000001,Sunday,9.759999999999998
2019-07-01,466.50000000000006,2438.84,1476.0,21535.222,20631.121000000003,Monday,8.44
2019-07-02,388.3999999999999,2440.5099999999998,1869.0,22173.272,21230.587000000003,Tuesday,7.880000000000001
2019-07-03,407.80000000000007,2440.2500000000005,1778.0,19815.642,18964.536,Wednesday,7.59
2019-07-04,409.8,2439.4900000000002,1748.0,19762.231,18902.628000000004,Thursday,3.66
2019-07-05,381.4,2442.56,1930.0,24901.744000000006,23874.29,Friday,4.869999999999999
2019-07-06,384.09999999999997,2443.89,1814.0,22543.489999999998,21603.751000000004,Saturday,5.33
2019-07-07,373.8,2438.25,1942.0,4497.615,4097.138,Sunday,13.110000000000001
2019-07-08,405.1000000000001,2435.77,1869.0,19640.834000000003,18793.195,Monday,9.220000000000002
2019-07-09,438.4000000000001,2434.8100000000004,1757.0,24914.797,23886.433,Tuesday,7.75
2019-07-10,436.29999999999995,2437.3999999999996,2068.0,23589.478,22614.758,Wednesday,6.65
2019-07-11,442.29999999999995,2446.0399999999995,1870.0,24093.588,23102.381999999998,Thursday,6.539999999999999
2019-07-12,446.50000000000006,2440.2,1774.0,23995.102000000006,23008.009000000002,Friday,8.94
2019-07-13,471.8000000000001,2436.18,1605.0,18464.096999999998,17666.487,Saturday,10.410000000000002
2019-07-14,449.6,2441.219999999999,1695.0,11458.009000000002,10881.817000000001,Sunday,9.860000000000001
2019-07-15,468.59999999999997,2440.29,1700.0,24391.016999999996,23391.756000000005,Monday,8.95
2019-07-16,471.6000000000001,2435.2799999999997,1641.0,24062.063000000006,23054.836,Tuesday,8.18
2019-07-17,429.30000000000007,2422.6800000000003,1894.0,22124.716999999997,21180.385000000002,Wednesday,6.880000000000001
2019-07-18,421.60000000000014,2434.5899999999992,1589.0,21734.324000000004,20796.749000000003,Thursday,6.920000000000003
2019-07-19,397.0,2445.269999999999,1596.0,19379.419,18533.222000000005,Friday,8.200000000000001
2019-07-20,412.59999999999997,2444.52,1691.0,24473.262,23448.004,Saturday,10.100000000000001
2019-07-21,485.40000000000003,2434.8299999999995,1637.0,24355.054,23333.791000000005,Sunday,6.53
2019-07-22,487.5000000000001,2435.719999999999,1489.0,23730.046000000002,22733.103,Monday,7.7200000000000015
2019-07-23,441.9,2440.1100000000006,1769.0,23195.219,22219.159,Tuesday,6.890000000000001
2019-07-24,450.5,2453.24,1504.0,22755.663,21786.852,Wednesday,8.39
2019-07-25,458.5,2448.4399999999996,1623.0,8523.081,8008.325000000001,Thursday,9.84
2019-07-26,525.8,2438.67,1523.0,8314.913,7804.6219999999985,Friday,10.73
2019-07-27,481.0999999999999,2449.3,1671.0,22336.813000000006,21393.679,Saturday,6.170000000000001
2019-07-28,458.6,2450.8999999999996,1737.0,6327.021000000001,5869.585000000001,Sunday,11.940000000000001
2019-07-29,472.59999999999997,2436.3699999999994,1731.0,17373.964,16586.245,Monday,6.750000000000001
2019-07-30,458.7999999999999,2436.5199999999995,1529.0,16749.197,15977.640999999998,Tuesday,7.520000000000001
2019-07-31,480.20000000000005,2437.1399999999994,1736.0,24327.321000000004,23317.205,Wednesday,9.049999999999999
2019-08-01,480.80000000000007,2432.13,1715.0,14003.502,13335.517,Thursday,7.969999999999999
2019-08-02,493.30000000000007,2438.5799999999995,1664.0,24405.29,23394.891,Friday,10.119999999999997
2019-08-03,455.79999999999995,2447.3799999999997,1839.0,24267.717999999997,23263.011,Saturday,10.800000000000002
2019-08-04,472.00000000000006,2439.16,1858.0,23640.260000000006,22660.150999999998,Sunday,13.419999999999998
2019-08-05,494.3000000000001,2436.5900000000006,1708.0,23882.023999999998,22894.961,Monday,8.27
2019-08-06,461.1,2433.0299999999997,1812.0,18992.569,18156.689,Tuesday,10.899999999999997
2019-08-07,469.19999999999993,2430.0499999999993,1741.0,18743.038,17919.419000000005,Wednesday,11.14
2019-08-08,443.4999999999999,2433.0599999999995,1739.0,23345.451,22379.629,Thursday,14.230000000000002
2019-08-09,446.00000000000006,2432.6599999999994,1736.0,21153.695,20246.351,Friday,17.75
2019-08-10,420.30000000000007,2433.2100000000005,1972.0,9109.604000000001,8598.298,Saturday,5.7
2019-08-11,408.6,2440.6299999999997,2018.0,11418.423999999999,10837.689999999999,Sunday,6.139999999999999
2019-08-12,445.99999999999994,2446.65,1825.0,21319.659000000003,20411.378,Monday,8.07
2019-08-13,453.60000000000014,2445.7299999999996,1842.0,23139.054,22181.994,Tuesday,5.8999999999999995
2019-08-14,478.2000000000001,2448.61,1821.0,22928.015,21998.755,Wednesday,6.239999999999999
2019-08-15,464.50000000000006,2448.78,1754.0,22917.565,21987.111999999997,Thursday,10.52
2019-08-16,431.59999999999997,2442.1000000000004,1835.0,5698.781,5300.744999999999,Friday,4.71
2019-08-17,455.5,2433.7599999999998,1752.0,13778.345,13145.271999999999,Saturday,9.14
2019-08-18,435.30000000000007,2425.56,1731.0,23220.814000000002,22276.657000000003,Sunday,7.410000000000001
2019-08-19,435.20000000000005,2434.0099999999984,1607.0,22321.93,21416.366000000005,Monday,6.869999999999999
2019-08-20,458.20000000000005,2430.7399999999993,1603.0,21450.803,20571.926,Tuesday,6.84
2019-08-21,412.99999999999994,2433.67,2112.0,23120.633,22185.822999999997,Wednesday,12.17
2019-08-22,419.4,2440.3099999999995,1726.0,18427.221,17649.854999999996,Thursday,1.8400000000000007
2019-08-23,392.59999999999997,2434.6800000000003,1948.0,19322.492000000002,18509.221,Friday,1.8000000000000007
2019-08-24,413.6,2433.8100000000004,1850.0,23478.285999999996,22534.101,Saturday,1.8000000000000007
2019-08-25,427.20000000000005,2447.4599999999996,1733.0,20239.409,19413.847999999998,Sunday,1.830000000000001
2019-08-26,407.9,2453.79,1788.0,22462.045,21538.395999999997,Monday,1.8500000000000005
2019-08-27,448.70000000000005,2440.1099999999997,1853.0,18510.716,17706.981,Tuesday,1.9600000000000006
2019-08-28,455.9,2426.95,1930.0,16195.464999999998,15489.479999999998,Wednesday,2.1400000000000006
2019-08-29,482.4,2430.5199999999995,1713.0,15526.313,14817.255000000001,Thursday,2.0700000000000007
2019-08-30,451.1,2439.3500000000004,1905.0,9320.089,8821.347,Friday,2.0600000000000005
2019-08-31,467.1,2434.08,1891.0,21093.149,20220.554999999997,Saturday,1.9500000000000008
2019-09-01,460.7000000000001,2435.6,1895.0,20371.868000000006,19531.977000000003,Sunday,1.9400000000000006
2019-09-02,447.9,2440.6200000000003,1989.0,15397.235,14708.486000000003,Monday,2.0700000000000007
2019-09-03,450.4,2437.1800000000003,1857.0,18584.671,17802.828999999998,Tuesday,2.040000000000001
2019-09-04,414.3,2441.1800000000003,1965.0,5114.624999999999,4733.233,Wednesday,1.9700000000000009
2019-09-05,430.70000000000005,2437.15,2020.0,21824.219,20926.124,Thursday,2.140000000000001
2019-09-06,478.7,2438.7200000000007,1704.0,16833.804,16126.993999999999,Friday,2.0400000000000005
2019-09-07,413.6,2436.560000000001,1885.0,23202.987,22272.894000000004,Saturday,2.0600000000000005
2019-09-08,400.70000000000005,2426.7499999999995,2028.0,16261.939,15551.399999999998,Sunday,1.7500000000000007
2019-09-09,400.59999999999997,2424.3699999999994,2100.0,19137.22,18333.060999999998,Monday,1.7800000000000005
2019-09-10,411.49999999999994,2431.8199999999997,1996.0,12240.568000000001,11667.13,Tuesday,1.8500000000000005
2019-09-11,395.49999999999994,2446.74,1896.0,14555.795,13909.029999999999,Wednesday,2.6500000000000004
2019-09-12,397.4,2443.87,2089.0,11678.946,11132.284999999998,Thursday,9.74
2019-09-13,383.80000000000007,2441.9799999999996,2158.0,14293.655999999999,13666.160999999998,Friday,9.619999999999997
2019-09-14,363.99999999999994,2428.9099999999994,2189.0,11022.957,10470.951,Saturday,12.58
2019-09-15,358.79999999999995,2413.1799999999994,2118.0,6245.456,5863.156,Sunday,8.479999999999999
2019-09-16,355.5,2420.75,1995.0,4187.874,3859.234,Monday,7.749999999999999
2019-09-17,331.90000000000003,2414.2599999999998,2111.0,8269.346,7826.812999999999,Tuesday,11.750000000000002
2019-09-18,346.9,2426.88,2090.0,5534.773999999999,5177.004,Wednesday,5.87
2019-09-19,322.70000000000005,2441.16,2183.0,10456.168,9958.677,Thursday,12.660000000000002
2019-09-20,357.40000000000003,2444.09,2134.0,16805.262,16095.159,Friday,7.940000000000001
2019-09-21,377.20000000000005,2443.81,1948.0,21526.917999999998,20677.802000000003,Saturday,10.809999999999999
2019-09-22,360.40000000000003,2426.01,2259.0,3870.088,3548.404,Sunday,12.350000000000001
2019-09-23,311.59999999999997,2445.46,2133.0,8893.315999999999,8441.600999999999,Monday,14.14
2019-09-24,349.90000000000003,2452.93,2121.0,18396.511,17611.122000000003,Tuesday,6.63
2019-09-25,336.0,2454.2999999999997,1924.0,12622.195,12025.874,Wednesday,10.51
2019-09-26,340.70000000000005,2429.2,1929.0,7719.067,7277.783,Thursday,9.719999999999997
2019-09-27,286.59999999999997,2426.73,1747.0,14573.336000000001,13913.328000000001,Friday,1.9600000000000009
2019-09-28,294.1,2426.5,1478.0,13625.538,13000.51,Saturday,1.9300000000000008
2019-09-29,287.6,2433.2900000000004,1005.0,8123.338000000001,7668.7880000000005,Sunday,2.410000000000001
2019-09-30,250.6,2445.4300000000003,1406.0,9225.389,8739.173,Monday,12.29
2019-10-01,234.4,2449.8099999999995,1705.0,4722.887,4360.704,Tuesday,12.48
2019-10-02,266.69999999999993,2440.1600000000003,1839.0,13827.561,13203.912999999999,Wednesday,11.93
2019-10-03,291.1,2432.9200000000005,1847.0,22687.773,21766.317999999996,Thursday,15.889999999999995
2019-10-04,262.90000000000003,2445.92,2044.0,21424.524,20548.415999999997,Friday,8.18
2019-10-05,257.09999999999997,2465.439999999999,2086.0,10461.192000000001,9941.577000000001,Saturday,15.760000000000002
2019-10-06,240.3,2463.29,2094.0,17706.588000000003,16970.517999999996,Sunday,10.7
2019-10-07,282.4,2429.6,2138.0,16278.310000000001,15571.534,Monday,11.570000000000002
2019-10-08,210.29999999999998,2431.4100000000003,1715.0,6899.857000000001,6486.432000000001,Tuesday,12.78
2019-10-09,135.89999999999998,2468.7000000000003,1368.0,4469.273,4118.790000000001,Wednesday,14.069999999999999
2019-10-10,132.59999999999997,2472.9900000000002,1719.0,4069.512,3736.994,Thursday,14.040000000000003
2019-10-11,160.70000000000005,2452.77,1881.0,17820.610999999997,17062.61,Friday,15.61
2019-10-12,227.00000000000003,2437.86,2032.0,14901.572000000002,14240.217,Saturday,11.09
2019-10-13,251.10000000000002,2433.760000000001,2083.0,4465.186000000001,4127.866999999999,Sunday,19.979999999999997
2019-10-14,218.8,2443.9100000000003,2144.0,15312.461999999998,14657.410999999998,Monday,10.719999999999999
2019-10-15,239.39999999999995,2433.3799999999997,2058.0,5026.155,4678.147000000001,Tuesday,14.520000000000001
2019-10-16,273.4,2411.54,2075.0,12222.225,11652.66,Wednesday,8.790000000000001
2019-10-17,259.19999999999993,2404.1699999999996,2128.0,3154.91,2854.1989999999996,Thursday,10.88
2019-10-18,234.60000000000002,2418.76,2022.0,3467.896,3168.57,Friday,15.059999999999997
2019-10-19,216.2,2417.38,2120.0,3318.8529999999996,3024.326,Saturday,16.32
2019-10-20,197.49999999999997,2433.81,2226.0,7725.567,7311.165999999999,Sunday,14.870000000000003
2019-10-21,226.2,2444.14,2280.0,9461.082,8993.740999999998,Monday,13.47
2019-10-22,259.2,2460.5000000000005,2115.0,5585.745999999999,5231.232,Tuesday,9.679999999999998
2019-10-23,193.5,2477.0899999999997,2143.0,8401.816,7976.264,Wednesday,9.450000000000001
2019-10-24,257.9,2466.95,1988.0,16539.951,15858.525,Thursday,13.85
2019-10-25,269.7,2445.38,1914.0,9562.505000000003,9089.944000000001,Friday,16.24
2019-10-26,179.49999999999997,2469.3199999999997,1939.0,3022.314,2740.3399999999997,Saturday,7.289999999999998
2019-10-27,143.20000000000002,2475.94,1778.0,3115.806,2832.24,Sunday,15.989999999999998
2019-10-28,131.9,2458.75,1929.0,9143.322999999999,8707.062000000002,Monday,17.499999999999996
2019-10-29,128.6,2476.0999999999995,1087.0,15725.501999999999,15084.462999999998,Tuesday,16.92
2019-10-30,97.89999999999999,2469.9799999999996,1698.0,4847.683,4519.034,Wednesday,22.879999999999995
2019-10-31,118.7,2467.8699999999994,1914.0,2853.0609999999997,2574.5660000000003,Thursday,18.63
2019-11-01,114.29999999999998,2475.4499999999994,2054.0,1567.6469999999997,1319.162,Friday,18.53
2019-11-02,130.2,2462.9199999999996,2177.0,1522.6850000000002,1284.657,Saturday,13.230000000000002
2019-11-03,125.80000000000001,2558.11,2346.0,14529.795000000002,13935.796999999999,Sunday,10.979999999999999
2019-11-04,139.1,2455.5600000000004,2262.0,12635.588,12089.562,Monday,17.739999999999995
2019-11-05,187.70000000000002,2454.7899999999995,2178.0,9466.239000000001,9018.242999999999,Tuesday,14.43
2019-11-06,148.09999999999997,2459.689999999999,2223.0,3615.958,3329.0049999999997,Wednesday,13.469999999999999
2019-11-07,143.50000000000003,2456.11,2219.0,7320.286999999999,6925.2699999999995,Thursday,11.61
2019-11-08,168.4,2449.2000000000003,2136.0,3575.4149999999995,3291.3819999999996,Friday,9.58
2019-11-09,225.2,2453.79,2264.0,4711.736000000001,4388.4130000000005,Saturday,19.14
2019-11-10,215.00000000000003,2462.250000000001,2319.0,3017.661,2733.692,Sunday,2.360000000000001
2019-11-11,173.6,2460.2200000000003,2228.0,9724.795000000002,9257.560000000001,Monday,1.6000000000000008
2019-11-12,209.4,2446.7700000000004,2286.0,4877.987,4572.847,Tuesday,1.5600000000000007
2019-11-13,207.80000000000004,2449.3700000000003,2289.0,6988.232,6606.936,Wednesday,1.5600000000000007
2019-11-14,179.79999999999998,2437.1600000000003,2186.0,1712.1549999999997,1476.9850000000001,Thursday,1.520000000000001
2019-11-15,231.19999999999996,2438.2300000000005,2170.0,2350.641,2116.827,Friday,1.540000000000001
2019-11-16,218.99999999999997,2456.15,2260.0,4587.534000000001,4284.54,Saturday,1.5800000000000007
2019-11-17,256.5,2442.63,2266.0,8983.793,8563.297,Sunday,1.6000000000000008
2019-11-18,232.80000000000007,2430.75,2275.0,4989.994000000001,4683.330999999999,Monday,32.93000000000001
2019-11-19,194.79999999999998,2426.0800000000004,2172.0,8674.027,8264.384,Tuesday,22.78
2019-11-20,101.5,2451.4799999999996,2104.0,12660.975,12145.123,Wednesday,16.09
2019-11-21,77.20000000000002,2439.6299999999997,2118.0,8310.423999999999,7930.785999999998,Thursday,18.56
2019-11-22,77.7,2457.14,2162.0,2461.9359999999997,2213.138,Friday,20.740000000000002
2019-11-23,165.4,2453.9700000000003,2064.0,1539.7100000000003,1354.5500000000002,Saturday,20.829999999999995
2019-11-24,190.79999999999998,2449.129999999999,2010.0,981.239,807.0699999999999,Sunday,9.91
2019-11-25,118.40000000000002,2445.25,2070.0,1344.101,1162.512,Monday,20.570000000000004
2019-11-26,81.0,2425.4200000000005,1980.0,6455.43,6148.134,Tuesday,25.54
2019-11-27,115.39999999999999,2415.1499999999996,735.0,3775.9929999999995,3535.063,Wednesday,20.180000000000003
2019-11-28,24.1,2432.0,1228.0,3503.965,3276.0580000000004,Thursday,24.670000000000005
2019-11-29,-16.100000000000005,2431.09,1581.0,7281.9039999999995,6952.2119999999995,Friday,41.47
2019-11-30,-18.399999999999995,2442.7000000000003,1751.0,1443.416,1260.1860000000001,Saturday,33.949999999999996
2019-12-01,14.8,2435.6,1917.0,7402.285000000001,7058.040000000001,Sunday,30.11
2019-12-02,84.10000000000001,2448.2099999999996,2317.0,1671.0510000000002,1483.197,Monday,35.800000000000004
2019-12-03,177.10000000000002,2441.8399999999997,2207.0,4946.929,4672.842,Tuesday,22.470000000000002
2019-12-04,178.6,2429.5699999999997,2170.0,1265.1870000000001,1085.485,Wednesday,18.09
2019-12-05,122.20000000000003,2440.13,2089.0,7391.037,7055.153,Thursday,20.090000000000003
2019-12-06,163.5,2428.9199999999996,2284.0,10277.354,9865.648,Friday,22.21
2019-12-07,200.7,2417.1600000000003,2302.0,3462.048,3236.1110000000003,Saturday,20.189999999999998
2019-12-08,172.79999999999995,2442.9000000000005,2257.0,9302.506,8921.601,Sunday,17.729999999999997
2019-12-09,130.9,2457.5899999999997,2201.0,2964.0899999999997,2748.943,Monday,21.000000000000004
2019-12-10,91.7,2448.1900000000005,2282.0,2168.005,1967.4740000000002,Tuesday,24.3
2019-12-11,165.1,2432.6700000000005,2255.0,955.6560000000001,781.991,Wednesday,21.200000000000003
2019-12-12,161.79999999999998,2423.54,2215.0,919.254,746.281,Thursday,22.810000000000002
2019-12-13,141.70000000000002,2440.3200000000006,2229.0,1715.419,1526.1100000000001,Friday,18.9
2019-12-14,125.59999999999997,2438.12,2199.0,843.965,672.432,Saturday,27.959999999999997
2019-12-15,90.60000000000001,2450.7,2138.0,4749.529,4484.188,Sunday,24.130000000000003
2019-12-16,103.8,2462.2299999999996,2100.0,5636.984,5342.762,Monday,33.65
2019-12-17,150.99999999999997,2444.5600000000004,2167.0,3383.148,3153.233,Tuesday,30.149999999999995
2019-12-18,167.3,2420.88,1960.0,6424.369,6118.725,Wednesday,30.590000000000003
2019-12-19,140.90000000000003,2409.9799999999996,2158.0,3187.25,2960.877,Thursday,34.190000000000005
2019-12-20,172.49999999999997,2413.2,2271.0,5494.324999999999,5215.666000000001,Friday,20.009999999999998
2019-12-21,128.5,2420.4100000000003,2266.0,3268.033,3043.2280000000005,Saturday,24.020000000000003
2019-12-22,115.99999999999999,2422.5,2131.0,1882.977,1690.2250000000001,Sunday,22.76
2019-12-23,99.5,2434.1099999999997,2075.0,12635.117999999999,12144.135000000002,Monday,28.86
2019-12-24,99.39999999999998,2425.5900000000006,2056.0,1388.557,1206.197,Tuesday,28.889999999999997
2019-12-25,86.59999999999998,2435.7799999999997,2115.0,1233.5149999999999,1054.401,Wednesday,22.76
2019-12-26,46.599999999999994,2445.28,2068.0,10043.914,9634.489,Thursday,33.910000000000004
2019-12-27,98.00000000000001,2447.35,2150.0,4007.0339999999997,3762.96,Friday,31.469999999999995
2019-12-28,127.8,2453.0099999999993,2171.0,1385.535,1206.498,Saturday,26.859999999999996
2019-12-29,167.10000000000002,2443.2800000000007,2128.0,6743.449999999999,6427.44,Sunday,18.789999999999996
2019-12-30,174.2,2458.0199999999995,2289.0,2113.975,1894.185,Monday,20.61
2019-12-31,193.30000000000004,2420.55,2242.0,3806.31,3546.863,Tuesday,19.160000000000004
2020-01-01,198.89999999999998,2411.8499999999995,1991.0,4130.735999999999,3863.141,Wednesday,15.659999999999997
2020-01-02,105.30000000000003,2439.52,1984.0,13555.077,13020.662999999999,Thursday,20.979999999999997
2020-01-03,217.99999999999997,2417.59,1935.0,14369.589999999998,13807.356,Friday,20.840000000000003
2020-01-04,152.6,2443.0099999999998,1911.0,14049.7,13474.96,Saturday,23.65
2020-01-05,148.30000000000004,2450.46,1930.0,13921.015000000001,13354.079,Sunday,25.56
2020-01-06,104.99999999999997,2445.32,2247.0,1742.731,1531.454,Monday,27.62
2020-01-07,191.20000000000002,2415.97,2258.0,3454.2659999999996,3188.676,Tuesday,22.269999999999996
2020-01-08,110.70000000000002,2420.57,1707.0,5990.694,5664.196,Wednesday,19.849999999999994
2020-01-09,51.0,2447.44,1965.0,1811.7829999999997,1595.497,Thursday,25.260000000000005
2020-01-10,52.800000000000004,2419.37,2236.0,1137.832,937.8169999999999,Friday,34.800000000000004
2020-01-11,112.89999999999999,2414.42,1927.0,1152.2079999999999,951.489,Saturday,23.71
2020-01-12,44.0,2400.47,2112.0,1910.2230000000002,1689.0919999999996,Sunday,37.22
2020-01-13,-120.4,2428.23,1742.0,1572.8260000000002,1358.342,Monday,48.72
2020-01-14,-172.2,2433.5,1790.0,1031.291,827.451,Tuesday,61.94999999999998
2020-01-15,-122.49999999999999,2414.5000000000005,2047.0,1826.2390000000003,1603.333,Wednesday,66.83000000000001
2020-01-16,-6.5,2405.81,1952.0,985.4930000000002,782.6410000000001,Thursday,49.13
2020-01-17,-10.299999999999999,2444.53,2052.0,6354.936,5998.877,Friday,40.47999999999999
2020-01-18,76.3,2445.100000000001,2142.0,9537.596000000001,9096.990000000002,Saturday,35.589999999999996
2020-01-19,151.4,2449.4,2202.0,14153.334999999997,13581.107,Sunday,32.15
2020-01-20,173.60000000000002,2427.0,2171.0,9165.468,8739.880000000001,Monday,19.15
2020-01-21,173.9,2408.1199999999994,2081.0,15387.465,14773.331000000002,Tuesday,20.669999999999995
2020-01-22,151.1,2432.6200000000003,2215.0,4253.099,3965.1569999999992,Wednesday,24.13
2020-01-23,207.79999999999998,2425.34,2294.0,5415.161999999999,5092.977000000001,Thursday,20.509999999999998
2020-01-24,211.7,2425.07,2161.0,15335.806,14725.309,Friday,15.16
2020-01-25,181.6,2433.94,2212.0,9141.141,8719.767,Saturday,17.87
2020-01-26,203.49999999999997,2425.859999999999,2007.0,4955.909000000001,4639.9310000000005,Sunday,19.209999999999997
2020-01-27,175.9,2439.31,1981.0,9384.655999999999,8974.151,Monday,16.53
2020-01-28,156.9,2436.47,2187.0,4673.355,4393.296,Tuesday,20.270000000000003
2020-01-29,189.99999999999994,2445.0099999999993,2176.0,4937.022,4654.37,Wednesday,17.72
2020-01-30,154.60000000000002,2451.82,2078.0,5429.428,5132.535,Thursday,24.52
2020-01-31,217.09999999999997,2430.62,2269.0,14483.339,13910.698,Friday,18.049999999999997
2020-02-01,178.79999999999998,2433.61,1936.0,8226.162,7854.699,Saturday,19.409999999999997
2020-02-02,57.5,2453.629999999999,2020.0,10651.497,10209.954000000002,Sunday,25.13
2020-02-03,44.300000000000004,2463.42,2047.0,11411.935,10941.779000000002,Monday,29.449999999999996
2020-02-04,17.7,2466.41,2197.0,10133.477,9694.981,Tuesday,49.24000000000001
2020-02-05,70.9,2442.57,2316.0,1927.132,1711.819,Wednesday,46.4
2020-02-06,101.89999999999999,2441.34,2259.0,1786.157,1573.963,Thursday,29.759999999999994
2020-02-07,123.1,2428.98,2206.0,3338.491,3070.393,Friday,32.26
2020-02-08,128.5,2439.9300000000003,2091.0,8757.923999999999,8334.561,Saturday,26.279999999999998
2020-02-09,62.90000000000001,2477.61,1982.0,9870.671,9425.425,Sunday,22.099999999999998
2020-02-10,97.3,2476.390000000001,1930.0,4491.392000000001,4175.01,Monday,20.549999999999994
2020-02-11,146.39999999999998,2459.6999999999994,1997.0,17256.694,16570.833,Tuesday,18.68
2020-02-12,150.69999999999996,2460.64,2126.0,16631.224000000002,15961.141000000001,Wednesday,24.590000000000003
2020-02-13,143.70000000000002,2432.8199999999997,2073.0,18492.488,17748.150999999998,Thursday,14.110000000000001
2020-02-14,143.3,2440.2800000000007,1943.0,20182.489,19387.506,Friday,17.34
2020-02-15,131.5,2438.7599999999998,2224.0,19519.218,18727.721999999998,Saturday,26.95
2020-02-16,128.89999999999998,2446.2099999999996,1934.0,10145.650000000001,9665.802,Sunday,23.840000000000003
2020-02-17,85.60000000000001,2466.5600000000004,1976.0,6089.6759999999995,5718.366,Monday,18.77
2020-02-18,64.29999999999998,2472.01,1953.0,9925.914000000002,9462.561,Tuesday,27.959999999999997
2020-02-19,47.5,2464.6299999999997,1903.0,10863.255000000001,10341.773000000001,Wednesday,16.709999999999997
2020-02-20,67.8,2459.0399999999995,1993.0,17813.36,17080.48,Thursday,20.009999999999998
2020-02-21,115.6,2452.26,1711.0,3011.327,2725.352,Friday,21.470000000000002
2020-02-22,140.2,2446.6299999999997,2079.0,20747.292,19913.495000000003,Saturday,19.740000000000002
2020-02-23,145.2,2428.8,2023.0,21822.801,20946.795000000002,Sunday,18.51
2020-02-24,130.8,2477.8099999999995,1706.0,22472.837,21572.054000000004,Monday,15.58
2020-02-25,115.4,2482.71,1832.0,19818.935000000005,19016.354999999996,Tuesday,19.78
2020-02-26,149.00000000000003,2477.739999999999,2088.0,22124.635000000002,21237.498999999996,Wednesday,18.97
2020-02-27,173.70000000000002,2471.47,2142.0,8374.545,7938.599000000001,Thursday,21.77
2020-02-28,147.30000000000004,2437.399999999999,2124.0,17744.233,17007.060000000005,Friday,18.27
2020-02-29,0.0,0.0,0.0,0.0,0.0,Saturday,0.0
2020-03-01,91.50000000000001,2464.92,2021.0,20422.488999999998,19602.389,Sunday,29.39
2020-03-02,113.39999999999999,2453.9100000000003,2241.0,2164.0879999999997,1887.615,Monday,19.94
2020-03-03,160.40000000000003,2442.9300000000003,2133.0,4285.888,3948.7920000000004,Tuesday,21.47
2020-03-04,165.80000000000004,2450.88,1537.0,16154.375000000002,15485.259,Wednesday,20.419999999999998
2020-03-05,154.30000000000004,2434.8999999999996,1818.0,3435.444,3122.7519999999995,Thursday,13.290000000000001
2020-03-06,118.20000000000002,2435.1499999999996,1652.0,12087.714999999998,11529.649,Friday,13.200000000000001
2020-03-07,87.19999999999999,2426.21,1891.0,6217.039000000001,5861.4839999999995,Saturday,29.979999999999997
2020-03-08,70.90000000000002,2343.81,1886.0,3496.8290000000006,3205.523,Sunday,24.969999999999995
2020-03-09,66.2,2458.71,1785.0,5469.156999999999,5130.853,Monday,15.34
2020-03-10,118.0,2450.73,1836.0,3826.746,3527.1789999999996,Tuesday,24.37
2020-03-11,162.9,2449.5699999999997,1793.0,3240.2720000000004,2932.272,Wednesday,19.61
2020-03-12,140.8,2461.6899999999996,1647.0,2700.451,2402.0089999999996,Thursday,17.650000000000002
2020-03-13,122.89999999999999,2428.3100000000004,1200.0,2398.553,2108.024,Friday,18.98
2020-03-14,63.1,2336.28,620.0,7121.446,6709.857,Saturday,24.459999999999997
2020-03-15,54.50000000000001,2456.38,1093.0,15536.202,14858.229,Sunday,22.419999999999998
2020-03-16,98.3,2454.0599999999995,1588.0,14996.571999999998,14333.637999999999,Monday,19.79
2020-03-17,108.39999999999999,2428.2899999999995,1857.0,19467.977,18652.121,Tuesday,15.83
2020-03-18,140.6,2427.4,1729.0,11114.692,10567.907,Wednesday,16.19
2020-03-19,159.0,2439.5599999999995,1745.0,3043.508,2733.068,Thursday,10.26
2020-03-20,159.20000000000002,2458.36,1859.0,10669.161,10131.723,Friday,12.590000000000002
2020-03-21,157.09999999999997,2457.0499999999997,1899.0,4907.784,4551.835999999999,Saturday,8.909999999999998
2020-03-22,166.70000000000002,2439.3099999999995,1935.0,17397.744,16655.37,Sunday,11.97
2020-03-23,170.80000000000004,2419.4399999999996,1752.0,5523.104,5141.8189999999995,Monday,10.99
2020-03-24,129.0,2432.01,2021.0,14477.610999999999,13824.502000000002,Tuesday,9.39
2020-03-25,139.0,2438.0,1888.0,13579.899000000001,12954.99,Wednesday,9.28
2020-03-26,154.49999999999997,2438.0499999999993,1903.0,17755.12,17003.785,Thursday,10.490000000000002
2020-03-27,168.7,2436.69,2220.0,21984.913999999997,21095.465999999997,Friday,16.4
2020-03-28,207.5,2428.11,2159.0,15309.761000000004,14649.016000000003,Saturday,17.59
2020-03-29,225.1,2418.73,1719.0,16657.421,15955.188999999998,Sunday,11.270000000000003
2020-03-30,177.90000000000003,2413.3900000000003,1806.0,11360.074999999999,10823.632000000001,Monday,8.7
2020-03-31,143.29999999999998,2434.17,1842.0,23079.605,22132.429,Tuesday,11.66
2020-04-01,128.10000000000002,2445.13,1850.0,6702.096,6287.2699999999995,Wednesday,14.370000000000001
2020-04-02,128.2,2450.31,1590.0,11923.306,11363.69,Thursday,9.669999999999998
2020-04-03,137.7,2438.96,1642.0,9614.098,9111.426000000001,Friday,10.14
2020-04-04,130.10000000000002,2423.19,1769.0,8110.977000000001,7646.993000000001,Saturday,14.169999999999998
2020-04-05,164.79999999999995,2411.5,1585.0,16930.546000000002,16196.162999999999,Sunday,9.15
