date,hour,energy_kWh
2017-11-01,0,0.11
2017-11-01,1,0.1
2017-11-01,2,0.11
2017-11-01,3,0.1
2017-11-01,4,0.12
2017-11-01,5,0.1
2017-11-01,6,0.1
2017-11-01,7,0.27
2017-11-01,8,0.36
2017-11-01,9,0.1
2017-11-01,10,0.11
2017-11-01,11,0.09
2017-11-01,12,0.1
2017-11-01,13,0.1
2017-11-01,14,0.09
2017-11-01,15,0.13
2017-11-01,16,0.09
2017-11-01,17,0.13
2017-11-01,18,0.16
2017-11-01,19,0.37
2017-11-01,20,0.47
2017-11-01,21,0.42
2017-11-01,22,1.0
2017-11-01,23,0.52
2017-11-02,0,0.12
2017-11-02,1,0.09
2017-11-02,2,0.11
2017-11-02,3,0.09
2017-11-02,4,0.1
2017-11-02,5,0.1
2017-11-02,6,0.09
2017-11-02,7,0.2
2017-11-02,8,0.29
2017-11-02,9,0.18
2017-11-02,10,0.12
2017-11-02,11,0.21
2017-11-02,12,0.31
2017-11-02,13,0.29
2017-11-02,14,0.13
2017-11-02,15,0.1
2017-11-02,16,0.13
2017-11-02,17,0.11
2017-11-02,18,1.69
2017-11-02,19,0.44
2017-11-02,20,0.33
2017-11-02,21,0.5
2017-11-02,22,0.44
2017-11-02,23,0.29
2017-11-03,0,0.28
2017-11-03,1,0.31
2017-11-03,2,0.28
2017-11-03,3,0.29
2017-11-03,4,0.42
2017-11-03,5,0.34
2017-11-03,6,0.27
2017-11-03,7,0.29
2017-11-03,8,0.17
2017-11-03,9,0.14
2017-11-03,10,0.41
2017-11-03,11,0.5
2017-11-03,12,0.75
2017-11-03,13,0.17
2017-11-03,14,0.08
2017-11-03,15,0.25
2017-11-03,16,0.39
2017-11-03,17,0.74
2017-11-03,18,0.4
2017-11-03,19,0.36
2017-11-03,20,0.43
2017-11-03,21,0.48
2017-11-03,22,0.43
2017-11-03,23,0.25
2017-11-04,0,0.11
2017-11-04,1,0.27
2017-11-04,2,0.3
2017-11-04,3,0.2
2017-11-04,4,0.19
2017-11-04,5,0.23
2017-11-04,6,0.13
2017-11-04,7,0.22
2017-11-04,8,0.1
2017-11-04,9,0.4
2017-11-04,10,0.61
2017-11-04,11,0.32
2017-11-04,12,1.04
2017-11-04,13,0.53
2017-11-04,14,0.25
2017-11-04,15,0.26
2017-11-04,16,0.51
2017-11-04,17,0.5
2017-11-04,18,0.34
2017-11-04,19,1.28
2017-11-04,20,0.39
2017-11-04,21,0.39
2017-11-04,22,0.41
2017-11-04,23,0.23
2017-11-05,0,0.11
2017-11-05,1,0.27
2017-11-05,2,0.21
2017-11-05,3,0.16
2017-11-05,4,0.34
2017-11-05,5,0.27
2017-11-05,6,0.1
2017-11-05,7,0.14
2017-11-05,8,0.15
2017-11-05,9,0.24
2017-11-05,10,0.41
2017-11-05,11,0.35
2017-11-05,12,0.23
2017-11-05,13,0.11
2017-11-05,14,0.11
2017-11-05,15,0.09
2017-11-05,16,0.1
2017-11-05,17,0.09
2017-11-05,18,0.09
2017-11-05,19,0.24
2017-11-05,20,0.19
2017-11-05,21,0.44
2017-11-05,22,0.4
2017-11-05,23,0.25
2017-11-06,0,0.25
2017-11-06,1,0.26
2017-11-06,2,0.25
2017-11-06,3,0.27
2017-11-06,4,0.32
2017-11-06,5,0.26
2017-11-06,6,0.17
2017-11-06,7,0.08
2017-11-06,8,0.25
2017-11-06,9,0.36
2017-11-06,10,0.38
2017-11-06,11,0.21
2017-11-06,12,0.41
2017-11-06,13,0.2
2017-11-06,14,0.19
2017-11-06,15,0.17
2017-11-06,16,0.7
2017-11-06,17,1.57
2017-11-06,18,0.73
2017-11-06,19,0.31
2017-11-06,20,0.34
2017-11-06,21,0.48
2017-11-06,22,0.43
2017-11-06,23,0.12
2017-11-07,0,0.18
2017-11-07,1,0.25
2017-11-07,2,0.21
2017-11-07,3,0.12
2017-11-07,4,0.23
2017-11-07,5,0.23
2017-11-07,6,0.1
2017-11-07,7,0.16
2017-11-07,8,0.29
2017-11-07,9,0.21
2017-11-07,10,0.13
2017-11-07,11,0.19
2017-11-07,12,0.11
2017-11-07,13,0.09
2017-11-07,14,0.22
2017-11-07,15,0.18
2017-11-07,16,0.1
2017-11-07,17,0.37
2017-11-07,18,1.17
2017-11-07,19,0.54
2017-11-07,20,0.48
2017-11-07,21,0.49
2017-11-07,22,0.47
2017-11-07,23,0.28
2017-11-08,0,0.1
2017-11-08,1,0.11
2017-11-08,2,0.22
2017-11-08,3,0.28
2017-11-08,4,0.1
2017-11-08,5,0.1
2017-11-08,6,0.17
2017-11-08,7,0.26
2017-11-08,8,0.17
2017-11-08,9,0.09
2017-11-08,10,0.1
2017-11-08,11,0.08
2017-11-08,12,0.11
2017-11-08,13,0.25
2017-11-08,14,0.29
2017-11-08,15,0.2
2017-11-08,16,0.2
2017-11-08,17,0.44
2017-11-08,18,0.48
2017-11-08,19,0.58
2017-11-08,20,0.41
2017-11-08,21,0.39
2017-11-08,22,0.27
2017-11-08,23,0.09
2017-11-09,0,0.1
2017-11-09,1,0.09
2017-11-09,2,0.09
2017-11-09,3,0.1
2017-11-09,4,0.08
2017-11-09,5,0.1
2017-11-09,6,0.08
2017-11-09,7,0.16
2017-11-09,8,0.13
2017-11-09,9,0.09
2017-11-09,10,0.1
2017-11-09,11,0.08
2017-11-09,12,0.1
2017-11-09,13,0.08
2017-11-09,14,0.09
2017-11-09,15,0.09
2017-11-09,16,0.1
2017-11-09,17,0.29
2017-11-09,18,0.45
2017-11-09,19,0.33
2017-11-09,20,0.17
2017-11-09,21,0.43
2017-11-09,22,0.33
2017-11-09,23,0.3
2017-11-10,0,0.11
2017-11-10,1,0.1
2017-11-10,2,0.1
2017-11-10,3,0.09
2017-11-10,4,0.1
2017-11-10,5,0.09
2017-11-10,6,0.09
2017-11-10,7,0.1
2017-11-10,8,0.23
2017-11-10,9,0.22
2017-11-10,10,0.35
2017-11-10,11,0.22
2017-11-10,12,0.21
2017-11-10,13,0.23
2017-11-10,14,0.32
2017-11-10,15,0.26
2017-11-10,16,0.39
2017-11-10,17,0.9
2017-11-10,18,1.2
2017-11-10,19,0.29
2017-11-10,20,0.09
2017-11-10,21,0.1
2017-11-10,22,0.09
2017-11-10,23,0.19
2017-11-11,0,0.16
2017-11-11,1,0.11
2017-11-11,2,0.09
2017-11-11,3,0.11
2017-11-11,4,0.19
2017-11-11,5,0.11
2017-11-11,6,0.09
2017-11-11,7,0.09
2017-11-11,8,0.09
2017-11-11,9,0.36
2017-11-11,10,0.15
2017-11-11,11,0.08
2017-11-11,12,0.4
2017-11-11,13,0.49
2017-11-11,14,0.44
2017-11-11,15,0.43
2017-11-11,16,0.3
2017-11-11,17,0.54
2017-11-11,18,0.37
2017-11-11,19,0.68
2017-11-11,20,1.28
2017-11-11,21,0.3
2017-11-11,22,0.35
2017-11-11,23,0.34
2017-11-12,0,0.19
2017-11-12,1,0.1
2017-11-12,2,0.11
2017-11-12,3,0.11
2017-11-12,4,0.11
2017-11-12,5,0.09
2017-11-12,6,0.09
2017-11-12,7,0.1
2017-11-12,8,0.09
2017-11-12,9,0.09
2017-11-12,10,0.09
2017-11-12,11,0.11
2017-11-12,12,0.67
2017-11-12,13,0.37
2017-11-12,14,1.29
2017-11-12,15,1.29
2017-11-12,16,0.54
2017-11-12,17,0.71
2017-11-12,18,0.45
2017-11-12,19,0.42
2017-11-12,20,0.69
2017-11-12,21,0.96
2017-11-12,22,0.71
2017-11-12,23,0.34
2017-11-13,0,0.12
2017-11-13,1,0.1
2017-11-13,2,0.11
2017-11-13,3,0.09
2017-11-13,4,0.09
2017-11-13,5,0.18
2017-11-13,6,0.23
2017-11-13,7,0.18
2017-11-13,8,0.12
2017-11-13,9,0.13
2017-11-13,10,0.16
2017-11-13,11,0.14
2017-11-13,12,0.36
2017-11-13,13,0.25
2017-11-13,14,0.43
2017-11-13,15,0.35
2017-11-13,16,0.4
2017-11-13,17,0.31
2017-11-13,18,0.88
2017-11-13,19,0.71
2017-11-13,20,0.39
2017-11-13,21,0.59
2017-11-13,22,0.33
2017-11-13,23,0.25
2017-11-14,0,0.12
2017-11-14,1,0.2
2017-11-14,2,0.26
2017-11-14,3,0.1
2017-11-14,4,0.18
2017-11-14,5,0.13
2017-11-14,6,0.22
2017-11-14,7,0.19
2017-11-14,8,0.3
2017-11-14,9,0.09
2017-11-14,10,0.1
2017-11-14,11,0.11
2017-11-14,12,0.09
2017-11-14,13,0.09
2017-11-14,14,0.1
2017-11-14,15,0.09
2017-11-14,16,0.08
2017-11-14,17,0.11
2017-11-14,18,0.08
2017-11-14,19,0.28
2017-11-14,20,0.32
2017-11-14,21,0.33
2017-11-14,22,0.34
2017-11-14,23,0.39
2017-11-15,0,0.31
2017-11-15,1,0.2
2017-11-15,2,0.13
2017-11-15,3,0.12
2017-11-15,4,0.13
2017-11-15,5,0.11
2017-11-15,6,0.12
2017-11-15,7,0.11
2017-11-15,8,0.21
2017-11-15,9,0.09
2017-11-15,10,0.09
2017-11-15,11,0.1
2017-11-15,12,0.08
2017-11-15,13,0.09
2017-11-15,14,0.08
2017-11-15,15,0.09
2017-11-15,16,0.09
2017-11-15,17,0.1
2017-11-15,18,0.09
2017-11-15,19,0.08
2017-11-15,20,0.09
2017-11-15,21,0.2
2017-11-15,22,0.32
2017-11-15,23,0.27
2017-11-16,0,0.25
2017-11-16,1,0.25
2017-11-16,2,0.25
2017-11-16,3,0.25
2017-11-16,4,0.22
2017-11-16,5,0.08
2017-11-16,6,0.1
2017-11-16,7,0.16
2017-11-16,8,0.24
2017-11-16,9,0.1
2017-11-16,10,0.08
2017-11-16,11,0.09
2017-11-16,12,0.1
2017-11-16,13,0.08
2017-11-16,14,0.1
2017-11-16,15,0.09
2017-11-16,16,0.08
2017-11-16,17,0.1
2017-11-16,18,0.39
2017-11-16,19,0.67
2017-11-16,20,0.49
2017-11-16,21,0.34
2017-11-16,22,0.15
2017-11-16,23,0.11
2017-11-17,0,0.24
2017-11-17,1,0.1
2017-11-17,2,0.1
2017-11-17,3,0.19
2017-11-17,4,0.15
2017-11-17,5,0.09
2017-11-17,6,0.15
2017-11-17,7,0.27
2017-11-17,8,0.12
2017-11-17,9,0.09
2017-11-17,10,0.08
2017-11-17,11,0.09
2017-11-17,12,0.09
2017-11-17,13,0.08
2017-11-17,14,0.09
2017-11-17,15,0.09
2017-11-17,16,0.1
2017-11-17,17,0.16
2017-11-17,18,0.94
2017-11-17,19,0.56
2017-11-17,20,2.11
2017-11-17,21,0.7
2017-11-17,22,0.89
2017-11-17,23,0.29
2017-11-18,0,0.26
2017-11-18,1,0.19
2017-11-18,2,0.1
2017-11-18,3,0.1
2017-11-18,4,0.09
2017-11-18,5,0.09
2017-11-18,6,0.1
2017-11-18,7,0.14
2017-11-18,8,0.09
2017-11-18,9,0.1
2017-11-18,10,0.09
2017-11-18,11,0.09
2017-11-18,12,0.1
2017-11-18,13,0.08
2017-11-18,14,0.1
2017-11-18,15,0.13
2017-11-18,16,0.27
2017-11-18,17,0.64
2017-11-18,18,0.29
2017-11-18,19,0.1
2017-11-18,20,0.08
2017-11-18,21,0.1
2017-11-18,22,0.1
2017-11-18,23,0.1
2017-11-19,0,0.09
2017-11-19,1,0.09
2017-11-19,2,0.1
2017-11-19,3,0.08
2017-11-19,4,0.1
2017-11-19,5,0.1
2017-11-19,6,0.1
2017-11-19,7,0.1
2017-11-19,8,0.09
2017-11-19,9,0.1
2017-11-19,10,0.1
2017-11-19,11,0.13
2017-11-19,12,0.1
2017-11-19,13,0.48
2017-11-19,14,0.63
2017-11-19,15,0.52
2017-11-19,16,0.35
2017-11-19,17,0.78
2017-11-19,18,0.29
2017-11-19,19,0.33
2017-11-19,20,0.3
2017-11-19,21,0.25
2017-11-19,22,0.37
2017-11-19,23,0.5
2017-11-20,0,0.65
2017-11-20,1,0.31
2017-11-20,2,0.25
2017-11-20,3,0.3
2017-11-20,4,0.29
2017-11-20,5,0.27
2017-11-20,6,0.28
2017-11-20,7,0.36
2017-11-20,8,0.23
2017-11-20,9,0.09
2017-11-20,10,0.13
2017-11-20,11,0.2
2017-11-20,12,0.1
2017-11-20,13,0.14
2017-11-20,14,0.24
2017-11-20,15,0.36
2017-11-20,16,0.5
2017-11-20,17,1.76
2017-11-20,18,1.74
2017-11-20,19,0.51
2017-11-20,20,0.43
2017-11-20,21,0.52
2017-11-20,22,0.26
2017-11-20,23,0.22
2017-11-21,0,0.11
2017-11-21,1,0.11
2017-11-21,2,0.09
2017-11-21,3,0.15
2017-11-21,4,0.27
2017-11-21,5,0.27
2017-11-21,6,0.18
2017-11-21,7,0.23
2017-11-21,8,0.19
2017-11-21,9,0.11
2017-11-21,10,0.1
2017-11-21,11,0.1
2017-11-21,12,0.1
2017-11-21,13,0.12
2017-11-21,14,0.12
2017-11-21,15,0.14
2017-11-21,16,0.1
2017-11-21,17,0.31
2017-11-21,18,1.47
2017-11-21,19,1.07
2017-11-21,20,0.42
2017-11-21,21,0.31
2017-11-21,22,0.3
2017-11-21,23,0.22
2017-11-22,0,0.11
2017-11-22,1,0.1
2017-11-22,2,0.17
2017-11-22,3,0.21
2017-11-22,4,0.15
2017-11-22,5,0.2
2017-11-22,6,0.13
2017-11-22,7,0.14
2017-11-22,8,0.25
2017-11-22,9,0.11
2017-11-22,10,0.11
2017-11-22,11,0.09
2017-11-22,12,0.08
2017-11-22,13,0.11
2017-11-22,14,0.11
2017-11-22,15,0.1
2017-11-22,16,0.09
2017-11-22,17,0.12
2017-11-22,18,0.5
2017-11-22,19,0.66
2017-11-22,20,0.46
2017-11-22,21,0.27
2017-11-22,22,0.36
2017-11-22,23,0.25
2017-11-23,0,0.12
2017-11-23,1,0.12
2017-11-23,2,0.09
2017-11-23,3,0.11
2017-11-23,4,0.1
2017-11-23,5,0.08
2017-11-23,6,0.17
2017-11-23,7,0.08
2017-11-23,8,0.18
2017-11-23,9,0.08
2017-11-23,10,0.1
2017-11-23,11,0.08
2017-11-23,12,0.1
2017-11-23,13,0.08
2017-11-23,14,0.12
2017-11-23,15,0.08
2017-11-23,16,0.1
2017-11-23,17,0.75
2017-11-23,18,0.59
2017-11-23,19,0.84
2017-11-23,20,0.52
2017-11-23,21,0.35
2017-11-23,22,0.32
2017-11-23,23,0.14
2017-11-24,0,0.1
2017-11-24,1,0.08
2017-11-24,2,0.1
2017-11-24,3,0.08
2017-11-24,4,0.12
2017-11-24,5,0.08
2017-11-24,6,0.09
2017-11-24,7,0.12
2017-11-24,8,0.1
2017-11-24,9,0.08
2017-11-24,10,0.09
2017-11-24,11,0.08
2017-11-24,12,0.09
2017-11-24,13,0.11
2017-11-24,14,0.27
2017-11-24,15,0.25
2017-11-24,16,0.3
2017-11-24,17,0.5
2017-11-24,18,0.74
2017-11-24,19,0.68
2017-11-24,20,0.35
2017-11-24,21,0.8
2017-11-24,22,0.58
2017-11-24,23,0.33
2017-11-25,0,0.33
2017-11-25,1,0.19
2017-11-25,2,0.09
2017-11-25,3,0.1
2017-11-25,4,0.22
2017-11-25,5,0.14
2017-11-25,6,0.08
2017-11-25,7,0.09
2017-11-25,8,0.09
2017-11-25,9,0.13
2017-11-25,10,0.79
2017-11-25,11,0.35
2017-11-25,12,0.47
2017-11-25,13,0.46
2017-11-25,14,0.31
2017-11-25,15,0.24
2017-11-25,16,0.35
2017-11-25,17,0.25
2017-11-25,18,0.25
2017-11-25,19,0.25
2017-11-25,20,0.17
2017-11-25,21,0.25
2017-11-25,22,0.21
2017-11-25,23,0.12
2017-11-26,0,0.83
2017-11-26,1,2.31
2017-11-26,2,1.07
2017-11-26,3,0.21
2017-11-26,4,0.21
2017-11-26,5,0.1
2017-11-26,6,0.1
2017-11-26,7,0.1
2017-11-26,8,0.08
2017-11-26,9,0.1
2017-11-26,10,0.12
2017-11-26,11,0.29
2017-11-26,12,0.37
2017-11-26,13,0.46
2017-11-26,14,0.3
2017-11-26,15,0.22
2017-11-26,16,0.72
2017-11-26,17,2.22
2017-11-26,18,1.23
2017-11-26,19,0.65
2017-11-26,20,0.38
2017-11-26,21,1.75
2017-11-26,22,1.15
2017-11-26,23,0.19
2017-11-27,0,0.2
2017-11-27,1,0.24
2017-11-27,2,0.1
2017-11-27,3,0.08
2017-11-27,4,0.2
2017-11-27,5,0.25
2017-11-27,6,0.09
2017-11-27,7,0.12
2017-11-27,8,0.28
2017-11-27,9,0.09
2017-11-27,10,0.1
2017-11-27,11,0.09
2017-11-27,12,0.08
2017-11-27,13,0.18
2017-11-27,14,0.09
2017-11-27,15,0.1
2017-11-27,16,0.23
2017-11-27,17,0.2
2017-11-27,18,1.36
2017-11-27,19,1.06
2017-11-27,20,0.65
2017-11-27,21,0.66
2017-11-27,22,0.43
2017-11-27,23,0.41
2017-11-28,0,0.2
2017-11-28,1,0.26
2017-11-28,2,0.24
2017-11-28,3,0.1
2017-11-28,4,0.19
2017-11-28,5,0.25
2017-11-28,6,0.17
2017-11-28,7,0.13
2017-11-28,8,0.19
2017-11-28,9,0.12
2017-11-28,10,0.13
2017-11-28,11,0.18
2017-11-28,12,0.09
2017-11-28,13,0.1
2017-11-28,14,0.25
2017-11-28,15,0.13
2017-11-28,16,0.08
2017-11-28,17,0.4
2017-11-28,18,1.16
2017-11-28,19,0.73
2017-11-28,20,0.59
2017-11-28,21,0.69
2017-11-28,22,0.47
2017-11-28,23,0.34
2017-11-29,0,0.2
2017-11-29,1,0.24
2017-11-29,2,0.25
2017-11-29,3,0.27
2017-11-29,4,0.24
2017-11-29,5,0.24
2017-11-29,6,0.08
2017-11-29,7,0.13
2017-11-29,8,0.18
2017-11-29,9,0.09
2017-11-29,10,0.23
2017-11-29,11,0.1
2017-11-29,12,0.1
2017-11-29,13,0.2
2017-11-29,14,0.19
2017-11-29,15,0.11
2017-11-29,16,0.18
2017-11-29,17,0.17
2017-11-29,18,0.1
2017-11-29,19,0.76
2017-11-29,20,0.57
2017-11-29,21,0.37
2017-11-29,22,0.3
2017-11-29,23,0.35
2017-11-30,0,0.15
2017-11-30,1,0.28
2017-11-30,2,0.28
2017-11-30,3,0.3
2017-11-30,4,0.25
2017-11-30,5,0.11
2017-11-30,6,0.08
2017-11-30,7,0.14
2017-11-30,8,0.23
2017-11-30,9,0.1
2017-11-30,10,0.11
2017-11-30,11,0.2
2017-11-30,12,0.1
2017-11-30,13,0.1
2017-11-30,14,0.14
2017-11-30,15,0.3
2017-11-30,16,0.47
2017-11-30,17,0.49
2017-11-30,18,0.46
2017-11-30,19,0.47
2017-11-30,20,0.44
2017-11-30,21,0.81
2017-11-30,22,0.6
2017-11-30,23,0.36
2017-12-01,0,0.11
2017-12-01,1,0.25
2017-12-01,2,0.16
2017-12-01,3,0.11
2017-12-01,4,0.09
2017-12-01,5,0.28
2017-12-01,6,0.14
2017-12-01,7,0.17
2017-12-01,8,0.11
2017-12-01,9,0.14
2017-12-01,10,0.17
2017-12-01,11,0.08
2017-12-01,12,0.14
2017-12-01,13,0.2
2017-12-01,14,0.73
2017-12-01,15,1.18
2017-12-01,16,0.78
2017-12-01,17,0.68
2017-12-01,18,0.53
2017-12-01,19,0.3
2017-12-01,20,0.29
2017-12-01,21,0.36
2017-12-01,22,0.48
2017-12-01,23,0.87
2017-12-02,0,0.45
2017-12-02,1,0.33
2017-12-02,2,0.5
2017-12-02,3,0.33
2017-12-02,4,0.32
2017-12-02,5,0.41
2017-12-02,6,0.36
2017-12-02,7,0.18
2017-12-02,8,0.2
2017-12-02,9,0.34
2017-12-02,10,0.23
2017-12-02,11,0.44
2017-12-02,12,0.29
2017-12-02,13,0.4
2017-12-02,14,0.75
2017-12-02,15,0.47
2017-12-02,16,0.56
2017-12-02,17,0.44
2017-12-02,18,0.45
2017-12-02,19,0.55
2017-12-02,20,0.43
2017-12-02,21,0.97
2017-12-02,22,0.55
2017-12-02,23,0.59
2017-12-03,0,0.28
2017-12-03,1,0.9
2017-12-03,2,0.35
2017-12-03,3,0.26
2017-12-03,4,0.26
2017-12-03,5,0.13
2017-12-03,6,0.09
2017-12-03,7,0.24
2017-12-03,8,0.23
2017-12-03,9,0.11
2017-12-03,10,0.09
2017-12-03,11,0.4
2017-12-03,12,0.36
2017-12-03,13,0.55
2017-12-03,14,0.46
2017-12-03,15,0.46
2017-12-03,16,0.84
2017-12-03,17,0.34
2017-12-03,18,1.14
2017-12-03,19,0.96
2017-12-03,20,0.52
2017-12-03,21,0.2
2017-12-03,22,0.26
2017-12-03,23,0.13
2017-12-04,0,0.09
2017-12-04,1,0.27
2017-12-04,2,0.27
2017-12-04,3,0.12
2017-12-04,4,0.25
2017-12-04,5,0.13
2017-12-04,6,0.12
2017-12-04,7,0.16
2017-12-04,8,0.3
2017-12-04,9,0.1
2017-12-04,10,0.08
2017-12-04,11,0.09
2017-12-04,12,0.09
2017-12-04,13,0.08
2017-12-04,14,0.11
2017-12-04,15,0.09
2017-12-04,16,0.11
2017-12-04,17,0.37
2017-12-04,18,0.57
2017-12-04,19,0.45
2017-12-04,20,0.36
2017-12-04,21,1.63
2017-12-04,22,2.22
2017-12-04,23,0.51
2017-12-05,0,0.25
2017-12-05,1,0.25
2017-12-05,2,0.24
2017-12-05,3,0.24
2017-12-05,4,0.25
2017-12-05,5,0.23
2017-12-05,6,0.25
2017-12-05,7,0.28
2017-12-05,8,0.23
2017-12-05,9,0.09
2017-12-05,10,0.08
2017-12-05,11,0.1
2017-12-05,12,0.2
2017-12-05,13,0.11
2017-12-05,14,0.07
2017-12-05,15,0.1
2017-12-05,16,0.1
2017-12-05,17,0.23
2017-12-05,18,0.91
2017-12-05,19,0.69
2017-12-05,20,0.42
2017-12-05,21,0.43
2017-12-05,22,0.35
2017-12-05,23,0.31
2017-12-06,0,0.23
2017-12-06,1,0.25
2017-12-06,2,0.18
2017-12-06,3,0.09
2017-12-06,4,0.18
2017-12-06,5,0.24
2017-12-06,6,0.11
2017-12-06,7,0.16
2017-12-06,8,0.32
2017-12-06,9,0.08
2017-12-06,10,0.1
2017-12-06,11,0.08
2017-12-06,12,0.1
2017-12-06,13,0.08
2017-12-06,14,0.1
2017-12-06,15,0.08
2017-12-06,16,0.1
2017-12-06,17,0.35
2017-12-06,18,0.91
2017-12-06,19,0.34
2017-12-06,20,0.11
2017-12-06,21,0.37
2017-12-06,22,0.38
2017-12-06,23,0.29
2017-12-07,0,0.25
2017-12-07,1,0.26
2017-12-07,2,0.25
2017-12-07,3,0.25
2017-12-07,4,0.25
2017-12-07,5,0.24
2017-12-07,6,0.24
2017-12-07,7,0.19
2017-12-07,8,0.39
2017-12-07,9,0.11
2017-12-07,10,0.13
2017-12-07,11,0.24
2017-12-07,12,0.08
2017-12-07,13,0.11
2017-12-07,14,0.25
2017-12-07,15,0.15
2017-12-07,16,0.09
2017-12-07,17,0.315
2017-12-07,18,1.54
2017-12-07,19,0.93
2017-12-07,20,0.44
2017-12-07,21,0.4
2017-12-07,22,0.51
2017-12-07,23,0.18
2017-12-08,0,0.24
2017-12-08,1,0.28
2017-12-08,2,0.25
2017-12-08,3,0.25
2017-12-08,4,0.25
2017-12-08,5,0.23
2017-12-08,6,0.25
2017-12-08,7,0.21
2017-12-08,8,0.37
2017-12-08,9,0.08
2017-12-08,10,0.25
2017-12-08,11,0.13
2017-12-08,12,0.11
2017-12-08,13,0.24
2017-12-08,14,0.13
2017-12-08,15,0.19
2017-12-08,16,0.22
2017-12-08,17,0.28
2017-12-08,18,0.14
2017-12-08,19,0.25
2017-12-08,20,0.17
2017-12-08,21,0.11
2017-12-08,22,0.23
2017-12-08,23,0.22
2017-12-09,0,0.08
2017-12-09,1,0.24
2017-12-09,2,0.23
2017-12-09,3,0.27
2017-12-09,4,0.23
2017-12-09,5,0.25
2017-12-09,6,0.23
2017-12-09,7,0.26
2017-12-09,8,0.1
2017-12-09,9,0.17
2017-12-09,10,0.15
2017-12-09,11,0.14
2017-12-09,12,0.27
2017-12-09,13,0.26
2017-12-09,14,0.23
2017-12-09,15,0.18
2017-12-09,16,0.36
2017-12-09,17,0.37
2017-12-09,18,0.43
2017-12-09,19,0.08
2017-12-09,20,0.21
2017-12-09,21,0.24
2017-12-09,22,0.13
2017-12-09,23,0.31
2017-12-10,0,0.31
2017-12-10,1,0.25
2017-12-10,2,0.19
2017-12-10,3,0.09
2017-12-10,4,0.12
2017-12-10,5,0.22
2017-12-10,6,0.14
2017-12-10,7,0.09
2017-12-10,8,0.19
2017-12-10,9,0.17
2017-12-10,10,0.1
2017-12-10,11,0.8
2017-12-10,12,0.58
2017-12-10,13,0.33
2017-12-10,14,0.37
2017-12-10,15,0.95
2017-12-10,16,0.53
2017-12-10,17,0.85
2017-12-10,18,1.11
2017-12-10,19,1.05
2017-12-10,20,1.95
2017-12-10,21,0.66
2017-12-10,22,0.4
2017-12-10,23,0.3
2017-12-11,0,0.25
2017-12-11,1,0.27
2017-12-11,2,0.25
2017-12-11,3,0.26
2017-12-11,4,0.17
2017-12-11,5,0.1
2017-12-11,6,0.25
2017-12-11,7,0.23
2017-12-11,8,0.31
2017-12-11,9,0.09
2017-12-11,10,0.12
2017-12-11,11,0.16
2017-12-11,12,0.31
2017-12-11,13,0.22
2017-12-11,14,0.22
2017-12-11,15,0.22
2017-12-11,16,0.22
2017-12-11,17,0.25
2017-12-11,18,1.31
2017-12-11,19,1.1
2017-12-11,20,1.16
2017-12-11,21,1.57
2017-12-11,22,0.43
2017-12-11,23,0.17
2017-12-12,0,0.11
2017-12-12,1,0.09
2017-12-12,2,0.11
2017-12-12,3,0.11
2017-12-12,4,0.25
2017-12-12,5,0.11
2017-12-12,6,0.1
2017-12-12,7,0.15
2017-12-12,8,0.55
2017-12-12,9,0.12
2017-12-12,10,0.12
2017-12-12,11,0.16
2017-12-12,12,0.14
2017-12-12,13,0.18
2017-12-12,14,0.19
2017-12-12,15,0.22
2017-12-12,16,0.23
2017-12-12,17,0.46
2017-12-12,18,1.0
2017-12-12,19,0.68
2017-12-12,20,0.95
2017-12-12,21,0.38
2017-12-12,22,0.31
2017-12-12,23,0.13
2017-12-13,0,0.25
2017-12-13,1,0.27
2017-12-13,2,0.19
2017-12-13,3,0.12
2017-12-13,4,0.08
2017-12-13,5,0.09
2017-12-13,6,0.24
2017-12-13,7,0.16
2017-12-13,8,0.16
2017-12-13,9,0.09
2017-12-13,10,0.1
2017-12-13,11,0.24
2017-12-13,12,0.21
2017-12-13,13,0.19
2017-12-13,14,0.27
2017-12-13,15,0.21
2017-12-13,16,0.42
2017-12-13,17,0.48
2017-12-13,18,0.58
2017-12-13,19,0.96
2017-12-13,20,0.61
2017-12-13,21,0.57
2017-12-13,22,0.32
2017-12-13,23,0.39
2017-12-14,0,0.24
2017-12-14,1,0.26
2017-12-14,2,0.15
2017-12-14,3,0.11
2017-12-14,4,0.22
2017-12-14,5,0.24
2017-12-14,6,0.15
2017-12-14,7,0.08
2017-12-14,8,0.22
2017-12-14,9,0.1
2017-12-14,10,0.26
2017-12-14,11,0.27
2017-12-14,12,0.23
2017-12-14,13,0.14
2017-12-14,14,0.14
2017-12-14,15,0.09
2017-12-14,16,0.11
2017-12-14,17,0.3
2017-12-14,18,0.56
2017-12-14,19,0.58
2017-12-14,20,0.8
2017-12-14,21,1.0
2017-12-14,22,0.46
2017-12-14,23,0.12
2017-12-15,0,0.09
2017-12-15,1,0.1
2017-12-15,2,0.09
2017-12-15,3,0.28
2017-12-15,4,0.36
2017-12-15,5,0.51
2017-12-15,6,0.06
2017-12-15,7,0.06
2017-12-15,8,0.07
2017-12-15,9,0.07
2017-12-15,10,0.07
2017-12-15,11,0.07
2017-12-15,12,0.07
2017-12-15,13,0.07
2017-12-15,14,0.07
2017-12-15,15,0.07
2017-12-15,16,0.07
2017-12-15,17,0.09
2017-12-15,18,0.07
2017-12-15,19,0.07
2017-12-15,20,0.07
2017-12-15,21,0.07
2017-12-15,22,0.07
2017-12-15,23,0.09
2017-12-16,0,0.07
2017-12-16,1,0.07
2017-12-16,2,0.07
2017-12-16,3,0.07
2017-12-16,4,0.08
2017-12-16,5,0.08
2017-12-16,6,0.07
2017-12-16,7,0.07
2017-12-16,8,0.07
2017-12-16,9,0.07
2017-12-16,10,0.08
2017-12-16,11,0.07
2017-12-16,12,0.07
2017-12-16,13,0.07
2017-12-16,14,0.07
2017-12-16,15,0.07
2017-12-16,16,0.08
2017-12-16,17,0.08
2017-12-16,18,0.07
2017-12-16,19,0.09
2017-12-16,20,0.07
2017-12-16,21,0.09
2017-12-16,22,0.07
2017-12-16,23,0.09
2017-12-17,0,0.12
2017-12-17,1,0.09
2017-12-17,2,0.07
2017-12-17,3,0.09
2017-12-17,4,0.07
2017-12-17,5,0.08
2017-12-17,6,0.07
2017-12-17,7,0.09
2017-12-17,8,0.07
2017-12-17,9,0.08
2017-12-17,10,0.1
2017-12-17,11,0.09
2017-12-17,12,0.09
2017-12-17,13,0.09
2017-12-17,14,0.11
2017-12-17,15,0.11
2017-12-17,16,0.09
2017-12-17,17,0.09
2017-12-17,18,0.11
2017-12-17,19,0.09
2017-12-17,20,0.11
2017-12-17,21,0.09
2017-12-17,22,0.11
2017-12-17,23,0.07
2017-12-18,0,0.09
2017-12-18,1,0.1
2017-12-18,2,0.08
2017-12-18,3,0.07
2017-12-18,4,0.09
2017-12-18,5,0.07
2017-12-18,6,0.07
2017-12-18,7,0.09
2017-12-18,8,0.07
2017-12-18,9,0.07
2017-12-18,10,0.07
2017-12-18,11,0.07
2017-12-18,12,0.07
2017-12-18,13,0.07
2017-12-18,14,0.07
2017-12-18,15,0.07
2017-12-18,16,0.07
2017-12-18,17,0.07
2017-12-18,18,0.07
2017-12-18,19,0.09
2017-12-18,20,0.07
2017-12-18,21,0.07
2017-12-18,22,0.07
2017-12-18,23,0.07
2017-12-19,0,0.07
2017-12-19,1,0.07
2017-12-19,2,0.07
2017-12-19,3,0.07
2017-12-19,4,0.09
2017-12-19,5,0.09
2017-12-19,6,0.09
2017-12-19,7,0.09
2017-12-19,8,0.09
2017-12-19,9,0.11
2017-12-19,10,0.07
2017-12-19,11,0.07
2017-12-19,12,0.07
2017-12-19,13,0.08
2017-12-19,14,0.07
2017-12-19,15,0.09
2017-12-19,16,0.11
2017-12-19,17,0.09
2017-12-19,18,0.09
2017-12-19,19,0.09
2017-12-19,20,0.07
2017-12-19,21,0.09
2017-12-19,22,0.09
2017-12-19,23,0.07
2017-12-20,0,0.09
2017-12-20,1,0.07
2017-12-20,2,0.08
2017-12-20,3,0.07
2017-12-20,4,0.07
2017-12-20,5,0.09
2017-12-20,6,0.07
2017-12-20,7,0.07
2017-12-20,8,0.09
2017-12-20,9,0.07
2017-12-20,10,0.06
2017-12-20,11,0.07
2017-12-20,12,0.07
2017-12-20,13,0.07
2017-12-20,14,0.07
2017-12-20,15,0.07
2017-12-20,16,0.09
2017-12-20,17,0.07
2017-12-20,18,0.06
2017-12-20,19,0.07
2017-12-20,20,0.07
2017-12-20,21,0.07
2017-12-20,22,0.07
2017-12-20,23,0.07
2017-12-21,0,0.06
2017-12-21,1,0.07
2017-12-21,2,0.07
2017-12-21,3,0.07
2017-12-21,4,0.07
2017-12-21,5,0.07
2017-12-21,6,0.06
2017-12-21,7,0.07
2017-12-21,8,0.07
2017-12-21,9,0.07
2017-12-21,10,0.07
2017-12-21,11,0.06
2017-12-21,12,0.07
2017-12-21,13,0.07
2017-12-21,14,0.07
2017-12-21,15,0.07
2017-12-21,16,0.06
2017-12-21,17,0.07
2017-12-21,18,0.07
2017-12-21,19,0.07
2017-12-21,20,0.07
2017-12-21,21,0.06
2017-12-21,22,0.07
2017-12-21,23,0.07
2017-12-22,0,0.09
2017-12-22,1,0.07
2017-12-22,2,0.08
2017-12-22,3,0.07
2017-12-22,4,0.07
2017-12-22,5,0.07
2017-12-22,6,0.06
2017-12-22,7,0.07
2017-12-22,8,0.07
2017-12-22,9,0.07
2017-12-22,10,0.07
2017-12-22,11,0.06
2017-12-22,12,0.07
2017-12-22,13,0.07
2017-12-22,14,0.07
2017-12-22,15,0.08
2017-12-22,16,0.07
2017-12-22,17,0.07
2017-12-22,18,0.07
2017-12-22,19,0.07
2017-12-22,20,0.34
2017-12-22,21,0.52
2017-12-22,22,0.48
2017-12-22,23,0.39
2017-12-23,0,0.33
2017-12-23,1,0.34
2017-12-23,2,0.35
2017-12-23,3,0.34
2017-12-23,4,0.34
2017-12-23,5,0.34
2017-12-23,6,0.37
2017-12-23,7,0.51
2017-12-23,8,0.57
2017-12-23,9,0.53
2017-12-23,10,2.76
2017-12-23,11,2.24
2017-12-23,12,1.22
2017-12-23,13,0.43
2017-12-23,14,0.42
2017-12-23,15,0.36
2017-12-23,16,0.57
2017-12-23,17,1.05
2017-12-23,18,0.74
2017-12-23,19,0.71
2017-12-23,20,0.66
2017-12-23,21,0.86
2017-12-23,22,0.58
2017-12-23,23,0.5
2017-12-24,0,0.34
2017-12-24,1,0.15
2017-12-24,2,0.12
2017-12-24,3,0.28
2017-12-24,4,0.3
2017-12-24,5,0.27
2017-12-24,6,0.1
2017-12-24,7,0.23
2017-12-24,8,0.38
2017-12-24,9,0.51
2017-12-24,10,0.27
2017-12-24,11,0.39
2017-12-24,12,0.32
2017-12-24,13,0.09
2017-12-24,14,0.19
2017-12-24,15,0.24
2017-12-24,16,0.54
2017-12-24,17,0.44
2017-12-24,18,0.44
2017-12-24,19,0.48
2017-12-24,20,0.8
2017-12-24,21,0.14
2017-12-24,22,0.18
2017-12-24,23,0.2
2017-12-25,0,0.1
2017-12-25,1,0.22
2017-12-25,2,0.17
2017-12-25,3,0.11
2017-12-25,4,0.14
2017-12-25,5,0.08
2017-12-25,6,0.18
2017-12-25,7,0.25
2017-12-25,8,0.27
2017-12-25,9,0.37
2017-12-25,10,0.68
2017-12-25,11,0.36
2017-12-25,12,0.26
2017-12-25,13,0.08
2017-12-25,14,0.1
2017-12-25,15,0.08
2017-12-25,16,0.09
2017-12-25,17,0.08
2017-12-25,18,0.09
2017-12-25,19,0.08
2017-12-25,20,0.21
2017-12-25,21,0.11
2017-12-25,22,0.11
2017-12-25,23,0.4
2017-12-26,0,0.58
2017-12-26,1,0.36
2017-12-26,2,0.25
2017-12-26,3,0.27
2017-12-26,4,0.2
2017-12-26,5,0.08
2017-12-26,6,0.09
2017-12-26,7,0.08
2017-12-26,8,0.23
2017-12-26,9,0.19
2017-12-26,10,0.15
2017-12-26,11,0.22
2017-12-26,12,0.11
2017-12-26,13,0.09
2017-12-26,14,0.4
2017-12-26,15,0.36
2017-12-26,16,0.37
2017-12-26,17,0.48
2017-12-26,18,0.37
2017-12-26,19,0.34
2017-12-26,20,0.46
2017-12-26,21,0.39
2017-12-26,22,0.42
2017-12-26,23,0.39
2017-12-27,0,0.35
2017-12-27,1,0.18
2017-12-27,2,0.1
2017-12-27,3,0.08
2017-12-27,4,0.1
2017-12-27,5,0.19
2017-12-27,6,0.09
2017-12-27,7,0.08
2017-12-27,8,0.09
2017-12-27,9,0.1
2017-12-27,10,0.14
2017-12-27,11,0.77
2017-12-27,12,0.76
2017-12-27,13,0.54
2017-12-27,14,0.39
2017-12-27,15,0.32
2017-12-27,16,0.95
2017-12-27,17,0.4
2017-12-27,18,0.49
2017-12-27,19,0.66
2017-12-27,20,0.56
2017-12-27,21,0.24
2017-12-27,22,0.26
2017-12-27,23,0.27
2017-12-28,0,0.24
2017-12-28,1,0.11
2017-12-28,2,0.1
2017-12-28,3,0.12
2017-12-28,4,0.08
2017-12-28,5,0.1
2017-12-28,6,0.12
2017-12-28,7,0.19
2017-12-28,8,0.17
2017-12-28,9,0.28
2017-12-28,10,0.48
2017-12-28,11,0.38
2017-12-28,12,0.24
2017-12-28,13,0.27
2017-12-28,14,0.69
2017-12-28,15,0.35
2017-12-28,16,0.21
2017-12-28,17,0.14
2017-12-28,18,0.11
2017-12-28,19,0.24
2017-12-28,20,0.42
2017-12-28,21,0.31
2017-12-28,22,0.13
2017-12-28,23,0.1
2017-12-29,0,0.11
2017-12-29,1,0.09
2017-12-29,2,0.1
2017-12-29,3,0.12
2017-12-29,4,0.1
2017-12-29,5,0.08
2017-12-29,6,0.09
2017-12-29,7,0.09
2017-12-29,8,0.24
2017-12-29,9,0.09
2017-12-29,10,0.09
2017-12-29,11,0.22
2017-12-29,12,0.09
2017-12-29,13,0.09
2017-12-29,14,0.13
2017-12-29,15,0.19
2017-12-29,16,0.13
2017-12-29,17,0.21
2017-12-29,18,0.76
2017-12-29,19,1.21
2017-12-29,20,0.7
2017-12-29,21,0.52
2017-12-29,22,0.4
2017-12-29,23,0.29
2017-12-30,0,0.28
2017-12-30,1,0.26
2017-12-30,2,0.27
2017-12-30,3,0.28
2017-12-30,4,0.24
2017-12-30,5,0.27
2017-12-30,6,0.25
2017-12-30,7,0.24
2017-12-30,8,0.14
2017-12-30,9,0.11
2017-12-30,10,0.09
2017-12-30,11,0.64
2017-12-30,12,0.33
2017-12-30,13,0.31
2017-12-30,14,0.3
2017-12-30,15,0.36
2017-12-30,16,0.44
2017-12-30,17,0.29
2017-12-30,18,0.81
2017-12-30,19,0.9
2017-12-30,20,0.54
2017-12-30,21,0.47
2017-12-30,22,0.53
2017-12-30,23,0.8
2017-12-31,0,0.29
2017-12-31,1,0.11
2017-12-31,2,0.09
2017-12-31,3,0.09
2017-12-31,4,0.1
2017-12-31,5,0.08
2017-12-31,6,0.11
2017-12-31,7,0.09
2017-12-31,8,0.09
2017-12-31,9,0.18
2017-12-31,10,0.4
2017-12-31,11,0.09
2017-12-31,12,0.08
2017-12-31,13,0.09
2017-12-31,14,0.09
2017-12-31,15,0.08
2017-12-31,16,0.3
2017-12-31,17,0.37
2017-12-31,18,0.46
2017-12-31,19,0.51
2017-12-31,20,0.35
2017-12-31,21,0.24
2017-12-31,22,0.14
2017-12-31,23,0.09
2018-01-01,0,0.24
2018-01-01,1,0.25
2018-01-01,2,0.13
2018-01-01,3,0.18
2018-01-01,4,0.25
2018-01-01,5,0.32
2018-01-01,6,0.24
2018-01-01,7,0.14
2018-01-01,8,0.24
2018-01-01,9,0.23
2018-01-01,10,0.14
2018-01-01,11,0.2
2018-01-01,12,0.3
2018-01-01,13,0.17
2018-01-01,14,0.21
2018-01-01,15,0.35
2018-01-01,16,0.18
2018-01-01,17,0.32
2018-01-01,18,0.43
2018-01-01,19,0.6
2018-01-01,20,0.63
2018-01-01,21,0.86
2018-01-01,22,0.18
2018-01-01,23,0.25
2018-01-02,0,0.24
2018-01-02,1,0.1
2018-01-02,2,0.13
2018-01-02,3,0.27
2018-01-02,4,0.2
2018-01-02,5,0.09
2018-01-02,6,0.23
2018-01-02,7,0.31
2018-01-02,8,0.24
2018-01-02,9,0.18
2018-01-02,10,0.17
2018-01-02,11,0.26
2018-01-02,12,0.26
2018-01-02,13,0.24
2018-01-02,14,0.1
2018-01-02,15,0.1
2018-01-02,16,0.12
2018-01-02,17,0.54
2018-01-02,18,0.99
2018-01-02,19,0.25
2018-01-02,20,0.13
2018-01-02,21,0.32
2018-01-02,22,0.26
2018-01-02,23,0.11
2018-01-03,0,0.21
2018-01-03,1,0.16
2018-01-03,2,0.1
2018-01-03,3,0.15
2018-01-03,4,0.24
2018-01-03,5,0.15
2018-01-03,6,0.09
2018-01-03,7,0.37
2018-01-03,8,0.21
2018-01-03,9,0.1
2018-01-03,10,0.11
2018-01-03,11,0.09
2018-01-03,12,0.09
2018-01-03,13,0.16
2018-01-03,14,0.28
2018-01-03,15,0.26
2018-01-03,16,0.32
2018-01-03,17,0.63
2018-01-03,18,0.25
2018-01-03,19,0.1
2018-01-03,20,0.09
2018-01-03,21,0.11
2018-01-03,22,0.1
2018-01-03,23,0.09
2018-01-04,0,0.09
2018-01-04,1,0.08
2018-01-04,2,0.1
2018-01-04,3,0.11
2018-01-04,4,0.08
2018-01-04,5,0.22
2018-01-04,6,0.09
2018-01-04,7,0.12
2018-01-04,8,0.18
2018-01-04,9,0.2
2018-01-04,10,0.26
2018-01-04,11,0.26
2018-01-04,12,0.15
2018-01-04,13,0.09
2018-01-04,14,0.1
2018-01-04,15,0.09
2018-01-04,16,0.23
2018-01-04,17,1.31
2018-01-04,18,0.38
2018-01-04,19,0.38
2018-01-04,20,0.26
2018-01-04,21,0.31
2018-01-04,22,1.42
2018-01-04,23,1.14
2018-01-05,0,0.1
2018-01-05,1,0.09
2018-01-05,2,0.08
2018-01-05,3,0.1
2018-01-05,4,0.1
2018-01-05,5,0.1
2018-01-05,6,0.08
2018-01-05,7,0.15
2018-01-05,8,0.22
2018-01-05,9,0.11
2018-01-05,10,0.08
2018-01-05,11,0.09
2018-01-05,12,0.11
2018-01-05,13,0.11
2018-01-05,14,0.3
2018-01-05,15,0.29
2018-01-05,16,0.14
2018-01-05,17,0.29
2018-01-05,18,0.78
2018-01-05,19,0.46
2018-01-05,20,0.39
2018-01-05,21,0.3
2018-01-05,22,0.33
2018-01-05,23,0.29
2018-01-06,0,0.11
2018-01-06,1,0.1
2018-01-06,2,0.14
2018-01-06,3,0.22
2018-01-06,4,0.12
2018-01-06,5,0.1
2018-01-06,6,0.09
2018-01-06,7,0.19
2018-01-06,8,0.11
2018-01-06,9,0.1
2018-01-06,10,0.09
2018-01-06,11,0.09
2018-01-06,12,0.08
2018-01-06,13,0.08
2018-01-06,14,0.11
2018-01-06,15,0.09
2018-01-06,16,0.2
2018-01-06,17,0.42
2018-01-06,18,0.15
2018-01-06,19,0.39
2018-01-06,20,0.42
2018-01-06,21,0.41
2018-01-06,22,0.28
2018-01-06,23,0.26
2018-01-07,0,0.26
2018-01-07,1,0.23
2018-01-07,2,0.22
2018-01-07,3,0.24
2018-01-07,4,0.13
2018-01-07,5,0.09
2018-01-07,6,0.09
2018-01-07,7,0.11
2018-01-07,8,0.09
2018-01-07,9,0.11
2018-01-07,10,0.11
2018-01-07,11,0.24
2018-01-07,12,0.28
2018-01-07,13,0.58
2018-01-07,14,0.49
2018-01-07,15,1.56
2018-01-07,16,1.57
2018-01-07,17,0.89
2018-01-07,18,1.45
2018-01-07,19,1.04
2018-01-07,20,0.82
2018-01-07,21,0.67
2018-01-07,22,0.48
2018-01-07,23,0.24
2018-01-08,0,0.25
2018-01-08,1,0.25
2018-01-08,2,0.24
2018-01-08,3,0.22
2018-01-08,4,0.11
2018-01-08,5,0.11
2018-01-08,6,0.12
2018-01-08,7,0.12
2018-01-08,8,0.235
2018-01-08,9,0.13
2018-01-08,10,0.13
2018-01-08,11,0.28
2018-01-08,12,0.66
2018-01-08,13,0.35
2018-01-08,14,0.15
2018-01-08,15,0.2
2018-01-08,16,0.19
2018-01-08,17,0.17
2018-01-08,18,0.39
2018-01-08,19,0.94
2018-01-08,20,1.54
2018-01-08,21,0.54
2018-01-08,22,0.58
2018-01-08,23,0.4
2018-01-09,0,0.11
2018-01-09,1,0.11
2018-01-09,2,0.11
2018-01-09,3,0.11
2018-01-09,4,0.13
2018-01-09,5,0.14
2018-01-09,6,0.34
2018-01-09,7,0.28
2018-01-09,8,0.38
2018-01-09,9,0.1
2018-01-09,10,0.09
2018-01-09,11,0.11
2018-01-09,12,0.1
2018-01-09,13,0.09
2018-01-09,14,0.12
2018-01-09,15,0.1
2018-01-09,16,0.09
2018-01-09,17,0.43
2018-01-09,18,0.29
2018-01-09,19,0.27
2018-01-09,20,0.28
2018-01-09,21,0.35
2018-01-09,22,0.32
2018-01-09,23,0.2
2018-01-10,0,0.1
2018-01-10,1,0.14
2018-01-10,2,0.27
2018-01-10,3,0.3
2018-01-10,4,0.34
2018-01-10,5,0.09
2018-01-10,6,0.09
2018-01-10,7,0.16
2018-01-10,8,0.1
2018-01-10,9,0.11
2018-01-10,10,0.09
2018-01-10,11,0.1
2018-01-10,12,0.1
2018-01-10,13,0.09
2018-01-10,14,0.12
2018-01-10,15,0.09
2018-01-10,16,0.1
2018-01-10,17,0.56
2018-01-10,18,1.54
2018-01-10,19,0.69
2018-01-10,20,0.28
2018-01-10,21,0.26
2018-01-10,22,0.15
2018-01-10,23,0.11
2018-01-11,0,0.24
2018-01-11,1,0.27
2018-01-11,2,0.28
2018-01-11,3,0.2
2018-01-11,4,0.09
2018-01-11,5,0.12
2018-01-11,6,0.1
2018-01-11,7,0.14
2018-01-11,8,0.26
2018-01-11,9,0.12
2018-01-11,10,0.1
2018-01-11,11,0.1
2018-01-11,12,0.1
2018-01-11,13,0.11
2018-01-11,14,0.11
2018-01-11,15,0.12
2018-01-11,16,0.11
2018-01-11,17,0.3
2018-01-11,18,0.66
2018-01-11,19,0.88
2018-01-11,20,0.4
2018-01-11,21,0.33
2018-01-11,22,0.2
2018-01-11,23,0.11
2018-01-12,0,0.08
2018-01-12,1,0.12
2018-01-12,2,0.09
2018-01-12,3,0.09
2018-01-12,4,0.1
2018-01-12,5,0.1
2018-01-12,6,0.1
2018-01-12,7,0.12
2018-01-12,8,0.27
2018-01-12,9,0.09
2018-01-12,10,0.09
2018-01-12,11,0.11
2018-01-12,12,0.08
2018-01-12,13,0.1
2018-01-12,14,0.1
2018-01-12,15,0.1
2018-01-12,16,0.39
2018-01-12,17,0.47
2018-01-12,18,0.49
2018-01-12,19,1.14
2018-01-12,20,0.78
2018-01-12,21,0.5
2018-01-12,22,0.52
2018-01-12,23,0.54
2018-01-13,0,0.44
2018-01-13,1,0.33
2018-01-13,2,0.3
2018-01-13,3,0.17
2018-01-13,4,0.18
2018-01-13,5,0.16
2018-01-13,6,0.17
2018-01-13,7,0.18
2018-01-13,8,0.16
2018-01-13,9,0.16
2018-01-13,10,0.16
2018-01-13,11,0.73
2018-01-13,12,0.54
2018-01-13,13,0.36
2018-01-13,14,0.87
2018-01-13,15,0.49
2018-01-13,16,0.41
2018-01-13,17,0.13
2018-01-13,18,0.28
2018-01-13,19,0.29
2018-01-13,20,0.31
2018-01-13,21,1.51
2018-01-13,22,0.53
2018-01-13,23,0.26
2018-01-14,0,0.25
2018-01-14,1,0.25
2018-01-14,2,0.22
2018-01-14,3,0.14
2018-01-14,4,0.27
2018-01-14,5,0.28
2018-01-14,6,0.31
2018-01-14,7,0.22
2018-01-14,8,0.11
2018-01-14,9,0.1
2018-01-14,10,0.16
2018-01-14,11,0.47
2018-01-14,12,0.39
2018-01-14,13,0.25
2018-01-14,14,0.22
2018-01-14,15,0.13
2018-01-14,16,0.09
2018-01-14,17,0.1
2018-01-14,18,0.41
2018-01-14,19,0.35
2018-01-14,20,0.28
2018-01-14,21,0.25
2018-01-14,22,0.33
2018-01-14,23,0.18
2018-01-15,0,0.15
2018-01-15,1,0.27
2018-01-15,2,0.28
2018-01-15,3,0.24
2018-01-15,4,0.1
2018-01-15,5,0.1
2018-01-15,6,0.09
2018-01-15,7,0.14
2018-01-15,8,0.26
2018-01-15,9,0.21
2018-01-15,10,0.09
2018-01-15,11,0.11
2018-01-15,12,0.11
2018-01-15,13,0.09
2018-01-15,14,0.1
2018-01-15,15,0.08
2018-01-15,16,0.12
2018-01-15,17,0.35
2018-01-15,18,0.7
2018-01-15,19,0.71
2018-01-15,20,0.96
2018-01-15,21,1.54
2018-01-15,22,0.2
2018-01-15,23,0.12
2018-01-16,0,0.09
2018-01-16,1,0.11
2018-01-16,2,0.11
2018-01-16,3,0.27
2018-01-16,4,0.28
2018-01-16,5,0.17
2018-01-16,6,0.09
2018-01-16,7,0.18
2018-01-16,8,0.24
2018-01-16,9,0.1
2018-01-16,10,0.12
2018-01-16,11,0.1
2018-01-16,12,0.1
2018-01-16,13,0.09
2018-01-16,14,0.11
2018-01-16,15,0.1
2018-01-16,16,0.09
2018-01-16,17,0.28
2018-01-16,18,0.86
2018-01-16,19,0.37
2018-01-16,20,0.34
2018-01-16,21,0.41
2018-01-16,22,0.35
2018-01-16,23,0.13
2018-01-17,0,0.09
2018-01-17,1,0.1
2018-01-17,2,0.16
2018-01-17,3,0.28
2018-01-17,4,0.28
2018-01-17,5,0.16
2018-01-17,6,0.09
2018-01-17,7,0.15
2018-01-17,8,0.24
2018-01-17,9,0.11
2018-01-17,10,0.1
2018-01-17,11,0.09
2018-01-17,12,0.1
2018-01-17,13,0.09
2018-01-17,14,0.14
2018-01-17,15,0.12
2018-01-17,16,0.15
2018-01-17,17,0.4
2018-01-17,18,0.13
2018-01-17,19,0.1
2018-01-17,20,0.25
2018-01-17,21,0.27
2018-01-17,22,0.31
2018-01-17,23,0.26
2018-01-18,0,0.12
2018-01-18,1,0.24
2018-01-18,2,0.28
2018-01-18,3,0.27
2018-01-18,4,0.1
2018-01-18,5,0.09
2018-01-18,6,0.09
2018-01-18,7,0.15
2018-01-18,8,0.26
2018-01-18,9,0.1
2018-01-18,10,0.1
2018-01-18,11,0.09
2018-01-18,12,0.09
2018-01-18,13,0.12
2018-01-18,14,0.15
2018-01-18,15,0.13
2018-01-18,16,0.18
2018-01-18,17,0.21
2018-01-18,18,0.39
2018-01-18,19,0.78
2018-01-18,20,0.29
2018-01-18,21,0.23
2018-01-18,22,0.22
2018-01-18,23,0.11
2018-01-19,0,0.16
2018-01-19,1,0.29
2018-01-19,2,0.27
2018-01-19,3,0.15
2018-01-19,4,0.1
2018-01-19,5,0.09
2018-01-19,6,0.1
2018-01-19,7,0.13
2018-01-19,8,0.27
2018-01-19,9,0.23
2018-01-19,10,0.13
2018-01-19,11,0.09
2018-01-19,12,0.1
2018-01-19,13,0.11
2018-01-19,14,0.1
2018-01-19,15,0.11
2018-01-19,16,0.1
2018-01-19,17,0.84
2018-01-19,18,1.11
2018-01-19,19,0.54
2018-01-19,20,0.96
2018-01-19,21,0.66
2018-01-19,22,0.7
2018-01-19,23,0.47
2018-01-20,0,0.1
2018-01-20,1,0.12
2018-01-20,2,0.09
2018-01-20,3,0.11
2018-01-20,4,0.11
2018-01-20,5,0.37
2018-01-20,6,0.37
2018-01-20,7,0.14
2018-01-20,8,0.15
2018-01-20,9,0.53
2018-01-20,10,0.29
2018-01-20,11,0.23
2018-01-20,12,0.27
2018-01-20,13,0.25
2018-01-20,14,0.29
2018-01-20,15,0.65
2018-01-20,16,0.71
2018-01-20,17,0.48
2018-01-20,18,0.16
2018-01-20,19,0.09
2018-01-20,20,0.11
2018-01-20,21,0.25
2018-01-20,22,0.45
2018-01-20,23,0.19
2018-01-21,0,0.11
2018-01-21,1,0.13
2018-01-21,2,0.09
2018-01-21,3,0.12
2018-01-21,4,0.1
2018-01-21,5,0.1
2018-01-21,6,0.11
2018-01-21,7,0.09
2018-01-21,8,0.1
2018-01-21,9,0.15
2018-01-21,10,0.19
2018-01-21,11,0.56
2018-01-21,12,0.87
2018-01-21,13,0.2
2018-01-21,14,0.13
2018-01-21,15,0.16
2018-01-21,16,0.52
2018-01-21,17,0.98
2018-01-21,18,1.34
2018-01-21,19,0.79
2018-01-21,20,0.29
2018-01-21,21,0.25
2018-01-21,22,0.42
2018-01-21,23,0.41
2018-01-22,0,0.36
2018-01-22,1,0.24
2018-01-22,2,0.24
2018-01-22,3,0.14
2018-01-22,4,0.14
2018-01-22,5,0.21
2018-01-22,6,0.14
2018-01-22,7,0.09
2018-01-22,8,0.26
2018-01-22,9,0.1
2018-01-22,10,0.1
2018-01-22,11,0.22
2018-01-22,12,0.38
2018-01-22,13,0.11
2018-01-22,14,0.15
2018-01-22,15,0.27
2018-01-22,16,2.4
2018-01-22,17,1.41
2018-01-22,18,1.59
2018-01-22,19,0.61
2018-01-22,20,0.49
2018-01-22,21,0.29
2018-01-22,22,0.35
2018-01-22,23,0.31
2018-01-23,0,0.28
2018-01-23,1,0.24
2018-01-23,2,0.09
2018-01-23,3,0.1
2018-01-23,4,0.1
2018-01-23,5,0.1
2018-01-23,6,0.11
2018-01-23,7,0.29
2018-01-23,8,0.37
2018-01-23,9,0.16
2018-01-23,10,0.09
2018-01-23,11,0.12
2018-01-23,12,0.1
2018-01-23,13,0.12
2018-01-23,14,0.09
2018-01-23,15,0.17
2018-01-23,16,0.27
2018-01-23,17,0.47
2018-01-23,18,0.52
2018-01-23,19,0.36
2018-01-23,20,0.31
2018-01-23,21,0.29
2018-01-23,22,0.27
2018-01-23,23,0.16
2018-01-24,0,0.13
2018-01-24,1,0.09
2018-01-24,2,0.11
2018-01-24,3,0.12
2018-01-24,4,0.1
2018-01-24,5,0.09
2018-01-24,6,0.09
2018-01-24,7,0.28
2018-01-24,8,0.42
2018-01-24,9,0.16
2018-01-24,10,0.1
2018-01-24,11,0.1
2018-01-24,12,0.1
2018-01-24,13,0.09
2018-01-24,14,0.11
2018-01-24,15,0.1
2018-01-24,16,0.14
2018-01-24,17,0.39
2018-01-24,18,1.0
2018-01-24,19,0.42
2018-01-24,20,0.31
2018-01-24,21,0.27
2018-01-24,22,0.29
2018-01-24,23,0.22
2018-01-25,0,0.11
2018-01-25,1,0.09
2018-01-25,2,0.23
2018-01-25,3,0.3
2018-01-25,4,0.27
2018-01-25,5,0.16
2018-01-25,6,0.1
2018-01-25,7,0.16
2018-01-25,8,0.24
2018-01-25,9,0.1
2018-01-25,10,0.1
2018-01-25,11,0.1
2018-01-25,12,0.1
2018-01-25,13,0.12
2018-01-25,14,0.13
2018-01-25,15,0.12
2018-01-25,16,0.1
2018-01-25,17,0.42
2018-01-25,18,0.36
2018-01-25,19,0.29
2018-01-25,20,0.45
2018-01-25,21,0.5
2018-01-25,22,0.42
2018-01-25,23,0.15
2018-01-26,0,0.1
2018-01-26,1,0.1
2018-01-26,2,0.1
2018-01-26,3,0.11
2018-01-26,4,0.09
2018-01-26,5,0.1
2018-01-26,6,0.16
2018-01-26,7,0.21
2018-01-26,8,0.29
2018-01-26,9,0.08
2018-01-26,10,0.1
2018-01-26,11,0.12
2018-01-26,12,0.08
2018-01-26,13,0.1
2018-01-26,14,0.12
2018-01-26,15,0.09
2018-01-26,16,0.09
2018-01-26,17,0.1
2018-01-26,18,0.09
2018-01-26,19,0.08
2018-01-26,20,0.09
2018-01-26,21,0.09
2018-01-26,22,0.09
2018-01-26,23,1.07
2018-01-27,0,0.39
2018-01-27,1,0.28
2018-01-27,2,0.3
2018-01-27,3,0.29
2018-01-27,4,0.21
2018-01-27,5,0.12
2018-01-27,6,0.09
2018-01-27,7,0.11
2018-01-27,8,0.12
2018-01-27,9,0.09
2018-01-27,10,0.68
2018-01-27,11,0.45
2018-01-27,12,1.88
2018-01-27,13,0.77
2018-01-27,14,0.46
2018-01-27,15,0.27
2018-01-27,16,0.52
2018-01-27,17,0.3
2018-01-27,18,0.26
2018-01-27,19,0.47
2018-01-27,20,0.35
2018-01-27,21,0.39
2018-01-27,22,0.27
2018-01-27,23,0.25
2018-01-28,0,0.27
2018-01-28,1,0.3
2018-01-28,2,0.28
2018-01-28,3,0.3
2018-01-28,4,0.38
2018-01-28,5,0.33
2018-01-28,6,0.26
2018-01-28,7,0.19
2018-01-28,8,0.1
2018-01-28,9,0.1
2018-01-28,10,0.09
2018-01-28,11,0.64
2018-01-28,12,0.72
2018-01-28,13,0.31
2018-01-28,14,0.25
2018-01-28,15,0.42
2018-01-28,16,0.31
2018-01-28,17,0.27
2018-01-28,18,0.16
2018-01-28,19,0.93
2018-01-28,20,0.85
2018-01-28,21,0.24
2018-01-28,22,0.29
2018-01-28,23,0.13
2018-01-29,0,0.13
2018-01-29,1,0.1
2018-01-29,2,0.13
2018-01-29,3,0.14
2018-01-29,4,0.14
2018-01-29,5,0.13
2018-01-29,6,0.29
2018-01-29,7,0.33
2018-01-29,8,0.3
2018-01-29,9,0.16
2018-01-29,10,0.21
2018-01-29,11,0.13
2018-01-29,12,0.13
2018-01-29,13,0.09
2018-01-29,14,0.14
2018-01-29,15,0.12
2018-01-29,16,0.11
2018-01-29,17,0.66
2018-01-29,18,1.4
2018-01-29,19,0.52
2018-01-29,20,0.82
2018-01-29,21,1.39
2018-01-29,22,0.43
2018-01-29,23,0.17
2018-01-30,0,0.14
2018-01-30,1,0.13
2018-01-30,2,0.12
2018-01-30,3,0.22
2018-01-30,4,0.41
2018-01-30,5,0.3
2018-01-30,6,0.21
2018-01-30,7,0.15
2018-01-30,8,0.19
2018-01-30,9,0.1
2018-01-30,10,0.09
2018-01-30,11,0.1
2018-01-30,12,0.11
2018-01-30,13,0.1
2018-01-30,14,0.11
2018-01-30,15,0.1
2018-01-30,16,0.12
2018-01-30,17,0.42
2018-01-30,18,0.43
2018-01-30,19,0.3
2018-01-30,20,0.12
2018-01-30,21,0.63
2018-01-30,22,0.31
2018-01-30,23,0.32
2018-01-31,0,0.23
2018-01-31,1,0.14
2018-01-31,2,0.11
2018-01-31,3,0.12
2018-01-31,4,0.09
2018-01-31,5,0.1
2018-01-31,6,0.09
2018-01-31,7,0.12
2018-01-31,8,0.18
2018-01-31,9,0.09
2018-01-31,10,0.1
2018-01-31,11,0.1
2018-01-31,12,0.08
2018-01-31,13,0.1
2018-01-31,14,0.14
2018-01-31,15,0.09
2018-01-31,16,0.12
2018-01-31,17,0.27
2018-01-31,18,1.28
2018-01-31,19,0.52
2018-01-31,20,0.59
2018-01-31,21,1.01
2018-01-31,22,0.41
2018-01-31,23,0.12
2018-02-01,0,0.11
2018-02-01,1,0.22
2018-02-01,2,0.11
2018-02-01,3,0.09
2018-02-01,4,0.1
2018-02-01,5,0.1
2018-02-01,6,0.09
2018-02-01,7,0.13
2018-02-01,8,0.17
2018-02-01,9,0.12
2018-02-01,10,0.09
2018-02-01,11,0.1
2018-02-01,12,0.1
2018-02-01,13,0.09
2018-02-01,14,0.11
2018-02-01,15,0.1
2018-02-01,16,0.09
2018-02-01,17,0.33
2018-02-01,18,1.09
2018-02-01,19,0.62
2018-02-01,20,0.81
2018-02-01,21,0.17
2018-02-01,22,0.33
2018-02-01,23,0.18
2018-02-02,0,0.09
2018-02-02,1,0.09
2018-02-02,2,0.1
2018-02-02,3,0.1
2018-02-02,4,0.1
2018-02-02,5,0.1
2018-02-02,6,0.09
2018-02-02,7,0.18
2018-02-02,8,0.21
2018-02-02,9,0.09
2018-02-02,10,0.11
2018-02-02,11,0.1
2018-02-02,12,0.1
2018-02-02,13,0.08
2018-02-02,14,0.1
2018-02-02,15,0.1
2018-02-02,16,0.09
2018-02-02,17,0.39
2018-02-02,18,0.67
2018-02-02,19,0.49
2018-02-02,20,0.41
2018-02-02,21,0.21
2018-02-02,22,0.19
2018-02-02,23,0.11
2018-02-03,0,0.13
2018-02-03,1,0.1
2018-02-03,2,0.09
2018-02-03,3,0.09
2018-02-03,4,0.1
2018-02-03,5,0.1
2018-02-03,6,0.09
2018-02-03,7,0.11
2018-02-03,8,0.1
2018-02-03,9,0.1
2018-02-03,10,0.09
2018-02-03,11,0.09
2018-02-03,12,0.1
2018-02-03,13,0.1
2018-02-03,14,0.09
2018-02-03,15,0.21
2018-02-03,16,0.47
2018-02-03,17,0.51
2018-02-03,18,0.48
2018-02-03,19,0.52
2018-02-03,20,0.37
2018-02-03,21,0.26
2018-02-03,22,0.24
2018-02-03,23,0.25
2018-02-04,0,0.24
2018-02-04,1,0.14
2018-02-04,2,0.11
2018-02-04,3,0.12
2018-02-04,4,0.11
2018-02-04,5,0.12
2018-02-04,6,0.1
2018-02-04,7,0.11
2018-02-04,8,0.09
2018-02-04,9,0.12
2018-02-04,10,0.12
2018-02-04,11,0.35
2018-02-04,12,1.68
2018-02-04,13,1.12
2018-02-04,14,0.27
2018-02-04,15,0.34
2018-02-04,16,0.11
2018-02-04,17,0.11
2018-02-04,18,0.11
2018-02-04,19,0.11
2018-02-04,20,0.66
2018-02-04,21,0.27
2018-02-04,22,0.23
2018-02-04,23,0.14
2018-02-05,0,0.13
2018-02-05,1,0.12
2018-02-05,2,0.21
2018-02-05,3,0.15
2018-02-05,4,0.11
2018-02-05,5,0.11
2018-02-05,6,0.11
2018-02-05,7,0.1
2018-02-05,8,0.16
2018-02-05,9,0.09
2018-02-05,10,0.1
2018-02-05,11,0.35
2018-02-05,12,0.59
2018-02-05,13,0.5
2018-02-05,14,0.42
2018-02-05,15,0.19
2018-02-05,16,0.1
2018-02-05,17,0.16
2018-02-05,18,0.94
2018-02-05,19,1.07
2018-02-05,20,0.34
2018-02-05,21,0.27
2018-02-05,22,0.24
2018-02-05,23,0.12
2018-02-06,0,0.21
2018-02-06,1,0.13
2018-02-06,2,0.155
2018-02-06,3,0.11
2018-02-06,4,0.09
2018-02-06,5,0.1
2018-02-06,6,0.12
2018-02-06,7,0.12
2018-02-06,8,0.18
2018-02-06,9,0.1
2018-02-06,10,0.11
2018-02-06,11,0.09
2018-02-06,12,0.09
2018-02-06,13,0.1
2018-02-06,14,0.12
2018-02-06,15,0.1
2018-02-06,16,0.1
2018-02-06,17,0.1
2018-02-06,18,0.09
2018-02-06,19,0.82
2018-02-06,20,0.44
2018-02-06,21,0.46
2018-02-06,22,0.44
2018-02-06,23,0.23
2018-02-07,0,0.11
2018-02-07,1,0.11
2018-02-07,2,0.1
2018-02-07,3,0.09
2018-02-07,4,0.1
2018-02-07,5,0.1
2018-02-07,6,0.1
2018-02-07,7,0.09
2018-02-07,8,0.16
2018-02-07,9,0.1
2018-02-07,10,0.1
2018-02-07,11,0.1
2018-02-07,12,0.1
2018-02-07,13,0.09
2018-02-07,14,0.09
2018-02-07,15,0.1
2018-02-07,16,0.1
2018-02-07,17,0.17
2018-02-07,18,0.55
2018-02-07,19,1.0
2018-02-07,20,0.37
2018-02-07,21,0.26
2018-02-07,22,0.22
2018-02-07,23,0.11
2018-02-08,0,0.1
2018-02-08,1,0.1
2018-02-08,2,0.11
2018-02-08,3,0.1
2018-02-08,4,0.1
2018-02-08,5,0.09
2018-02-08,6,0.09
2018-02-08,7,0.1
2018-02-08,8,0.16
2018-02-08,9,0.08
2018-02-08,10,0.1
2018-02-08,11,0.1
2018-02-08,12,0.09
2018-02-08,13,0.09
2018-02-08,14,0.1
2018-02-08,15,0.09
2018-02-08,16,0.09
2018-02-08,17,0.21
2018-02-08,18,1.06
2018-02-08,19,0.51
2018-02-08,20,0.47
2018-02-08,21,0.28
2018-02-08,22,0.23
2018-02-08,23,0.1
2018-02-09,0,0.11
2018-02-09,1,0.1
2018-02-09,2,0.1
2018-02-09,3,0.09
2018-02-09,4,0.1
2018-02-09,5,0.1
2018-02-09,6,0.1
2018-02-09,7,0.22
2018-02-09,8,0.37
2018-02-09,9,0.15
2018-02-09,10,0.18
2018-02-09,11,0.1
2018-02-09,12,0.09
2018-02-09,13,0.11
2018-02-09,14,0.1
2018-02-09,15,0.1
2018-02-09,16,0.1
2018-02-09,17,0.29
2018-02-09,18,0.37
2018-02-09,19,0.1
2018-02-09,20,0.1
2018-02-09,21,0.09
2018-02-09,22,0.09
2018-02-09,23,0.1
2018-02-10,0,0.1
2018-02-10,1,1.0
2018-02-10,2,0.51
2018-02-10,3,0.34
2018-02-10,4,0.29
2018-02-10,5,0.11
2018-02-10,6,0.1
2018-02-10,7,0.1
2018-02-10,8,0.09
2018-02-10,9,0.11
2018-02-10,10,0.14
2018-02-10,11,0.77
2018-02-10,12,0.37
2018-02-10,13,1.07
2018-02-10,14,0.74
2018-02-10,15,0.15
2018-02-10,16,0.09
2018-02-10,17,0.11
2018-02-10,18,0.14
2018-02-10,19,0.14
2018-02-10,20,0.14
2018-02-10,21,0.3
2018-02-10,22,0.32
2018-02-10,23,0.27
2018-02-11,0,0.14
2018-02-11,1,0.21
2018-02-11,2,0.14
2018-02-11,3,0.1
2018-02-11,4,0.09
2018-02-11,5,0.1
2018-02-11,6,0.1
2018-02-11,7,0.09
2018-02-11,8,0.09
2018-02-11,9,0.1
2018-02-11,10,0.6
2018-02-11,11,1.03
2018-02-11,12,1.01
2018-02-11,13,0.42
2018-02-11,14,0.18
2018-02-11,15,0.11
2018-02-11,16,0.1
2018-02-11,17,0.11
2018-02-11,18,0.11
2018-02-11,19,0.21
2018-02-11,20,0.2
2018-02-11,21,0.25
2018-02-11,22,0.24
2018-02-11,23,0.21
2018-02-12,0,0.22
2018-02-12,1,0.14
2018-02-12,2,0.11
2018-02-12,3,0.12
2018-02-12,4,0.09
2018-02-12,5,0.1
2018-02-12,6,0.1
2018-02-12,7,0.09
2018-02-12,8,0.09
2018-02-12,9,0.14
2018-02-12,10,0.32
2018-02-12,11,0.21
2018-02-12,12,0.94
2018-02-12,13,0.9
2018-02-12,14,0.3
2018-02-12,15,0.28
2018-02-12,16,0.26
2018-02-12,17,0.27
2018-02-12,18,0.32
2018-02-12,19,0.59
2018-02-12,20,2.06
2018-02-12,21,2.56
2018-02-12,22,0.53
2018-02-12,23,0.22
2018-02-13,0,0.18
2018-02-13,1,0.11
2018-02-13,2,0.1
2018-02-13,3,0.11
2018-02-13,4,0.1
2018-02-13,5,0.09
2018-02-13,6,0.17
2018-02-13,7,0.28
2018-02-13,8,0.35
2018-02-13,9,0.24
2018-02-13,10,0.1
2018-02-13,11,0.13
2018-02-13,12,0.18
2018-02-13,13,0.09
2018-02-13,14,0.12
2018-02-13,15,0.11
2018-02-13,16,0.1
2018-02-13,17,0.18
2018-02-13,18,0.46
2018-02-13,19,1.02
2018-02-13,20,1.87
2018-02-13,21,1.09
2018-02-13,22,0.24
2018-02-13,23,0.29
2018-02-14,0,0.11
2018-02-14,1,0.1
2018-02-14,2,0.26
2018-02-14,3,0.28
2018-02-14,4,0.27
2018-02-14,5,0.12
2018-02-14,6,0.09
2018-02-14,7,0.1
2018-02-14,8,0.22
2018-02-14,9,0.43
2018-02-14,10,0.2
2018-02-14,11,0.17
2018-02-14,12,0.18
2018-02-14,13,0.16
2018-02-14,14,0.11
2018-02-14,15,0.1
2018-02-14,16,0.16
2018-02-14,17,0.33
2018-02-14,18,0.56
2018-02-14,19,1.15
2018-02-14,20,1.66
2018-02-14,21,1.1
2018-02-14,22,0.64
2018-02-14,23,0.32
2018-02-15,0,0.3
2018-02-15,1,0.47
2018-02-15,2,0.46
2018-02-15,3,0.26
2018-02-15,4,0.09
2018-02-15,5,0.1
2018-02-15,6,0.1
2018-02-15,7,0.09
2018-02-15,8,0.2
2018-02-15,9,0.14
2018-02-15,10,0.11
2018-02-15,11,0.18
2018-02-15,12,0.2
2018-02-15,13,0.14
2018-02-15,14,0.1
2018-02-15,15,0.33
2018-02-15,16,0.39
2018-02-15,17,0.78
2018-02-15,18,0.77
2018-02-15,19,0.31
2018-02-15,20,0.15
2018-02-15,21,0.12
2018-02-15,22,0.09
2018-02-15,23,0.1
2018-02-16,0,0.09
2018-02-16,1,0.09
2018-02-16,2,0.1
2018-02-16,3,0.12
2018-02-16,4,0.1
2018-02-16,5,0.09
2018-02-16,6,0.09
2018-02-16,7,0.1
2018-02-16,8,0.08
2018-02-16,9,0.1
2018-02-16,10,0.08
2018-02-16,11,0.11
2018-02-16,12,0.09
2018-02-16,13,0.08
2018-02-16,14,0.12
2018-02-16,15,0.08
2018-02-16,16,0.1
2018-02-16,17,0.09
2018-02-16,18,0.09
2018-02-16,19,0.1
2018-02-16,20,0.08
2018-02-16,21,0.1
2018-02-16,22,0.2
2018-02-16,23,0.11
2018-02-17,0,0.1
2018-02-17,1,0.09
2018-02-17,2,0.09
2018-02-17,3,0.14
2018-02-17,4,0.1
2018-02-17,5,0.13
2018-02-17,6,0.1
2018-02-17,7,0.11
2018-02-17,8,0.08
2018-02-17,9,0.11
2018-02-17,10,0.08
2018-02-17,11,0.09
2018-02-17,12,0.08
2018-02-17,13,0.11
2018-02-17,14,0.1
2018-02-17,15,0.09
2018-02-17,16,0.08
2018-02-17,17,0.09
2018-02-17,18,0.09
2018-02-17,19,0.09
2018-02-17,20,0.09
2018-02-17,21,0.08
2018-02-17,22,0.09
2018-02-17,23,0.08
2018-02-18,0,0.11
2018-02-18,1,0.08
2018-02-18,2,0.09
2018-02-18,3,0.1
2018-02-18,4,0.09
2018-02-18,5,0.08
2018-02-18,6,0.09
2018-02-18,7,0.09
2018-02-18,8,0.08
2018-02-18,9,0.09
2018-02-18,10,0.08
2018-02-18,11,0.11
2018-02-18,12,0.08
2018-02-18,13,0.09
2018-02-18,14,0.1
2018-02-18,15,0.09
2018-02-18,16,0.08
2018-02-18,17,0.09
2018-02-18,18,0.08
2018-02-18,19,0.08
2018-02-18,20,0.09
2018-02-18,21,0.08
2018-02-18,22,0.09
2018-02-18,23,0.08
2018-02-19,0,0.09
2018-02-19,1,0.08
2018-02-19,2,0.08
2018-02-19,3,0.13
2018-02-19,4,0.08
2018-02-19,5,0.09
2018-02-19,6,0.08
2018-02-19,7,0.08
2018-02-19,8,0.09
2018-02-19,9,0.08
2018-02-19,10,0.08
2018-02-19,11,0.09
2018-02-19,12,0.08
2018-02-19,13,0.09
2018-02-19,14,0.1
2018-02-19,15,0.08
2018-02-19,16,0.09
2018-02-19,17,0.08
2018-02-19,18,0.08
2018-02-19,19,0.09
2018-02-19,20,0.08
2018-02-19,21,0.38
2018-02-19,22,0.51
2018-02-19,23,0.37
2018-02-20,0,0.33
2018-02-20,1,0.32
2018-02-20,2,0.32
2018-02-20,3,0.34
2018-02-20,4,0.31
2018-02-20,5,0.32
2018-02-20,6,0.32
2018-02-20,7,0.34
2018-02-20,8,0.39
2018-02-20,9,0.09
2018-02-20,10,0.09
2018-02-20,11,0.1
2018-02-20,12,0.1
2018-02-20,13,0.08
2018-02-20,14,0.14
2018-02-20,15,0.1
2018-02-20,16,0.09
2018-02-20,17,0.09
2018-02-20,18,0.72
2018-02-20,19,1.4
2018-02-20,20,0.55
2018-02-20,21,1.11
2018-02-20,22,1.52
2018-02-20,23,0.16
2018-02-21,0,0.25
2018-02-21,1,0.26
2018-02-21,2,0.25
2018-02-21,3,0.15
2018-02-21,4,0.25
2018-02-21,5,0.25
2018-02-21,6,0.28
2018-02-21,7,0.26
2018-02-21,8,0.32
2018-02-21,9,0.11
2018-02-21,10,0.1
2018-02-21,11,0.09
2018-02-21,12,0.1
2018-02-21,13,0.09
2018-02-21,14,0.11
2018-02-21,15,0.13
2018-02-21,16,0.26
2018-02-21,17,0.94
2018-02-21,18,1.2
2018-02-21,19,0.89
2018-02-21,20,0.37
2018-02-21,21,0.39
2018-02-21,22,0.24
2018-02-21,23,0.11
2018-02-22,0,0.11
2018-02-22,1,0.15
2018-02-22,2,0.27
2018-02-22,3,0.3
2018-02-22,4,0.27
2018-02-22,5,0.17
2018-02-22,6,0.11
2018-02-22,7,0.11
2018-02-22,8,0.24
2018-02-22,9,0.1
2018-02-22,10,0.09
2018-02-22,11,0.1
2018-02-22,12,0.1
2018-02-22,13,0.08
2018-02-22,14,0.12
2018-02-22,15,0.1
2018-02-22,16,0.08
2018-02-22,17,0.15
2018-02-22,18,1.06
2018-02-22,19,0.55
2018-02-22,20,0.43
2018-02-22,21,0.34
2018-02-22,22,0.3
2018-02-22,23,0.27
2018-02-23,0,0.26
2018-02-23,1,0.27
2018-02-23,2,0.14
2018-02-23,3,0.16
2018-02-23,4,0.25
2018-02-23,5,0.22
2018-02-23,6,0.1
2018-02-23,7,0.19
2018-02-23,8,0.34
2018-02-23,9,0.1
2018-02-23,10,0.09
2018-02-23,11,0.1
2018-02-23,12,0.08
2018-02-23,13,0.11
2018-02-23,14,0.24
2018-02-23,15,0.27
2018-02-23,16,0.33
2018-02-23,17,0.27
2018-02-23,18,0.24
2018-02-23,19,0.25
2018-02-23,20,1.11
2018-02-23,21,0.59
2018-02-23,22,0.27
2018-02-23,23,0.14
2018-02-24,0,0.11
2018-02-24,1,0.1
2018-02-24,2,0.27
2018-02-24,3,0.29
2018-02-24,4,0.27
2018-02-24,5,0.13
2018-02-24,6,0.09
2018-02-24,7,0.12
2018-02-24,8,0.1
2018-02-24,9,0.1
2018-02-24,10,0.25
2018-02-24,11,0.12
2018-02-24,12,0.2
2018-02-24,13,0.19
2018-02-24,14,0.18
2018-02-24,15,0.15
2018-02-24,16,0.19
2018-02-24,17,0.28
2018-02-24,18,1.21
2018-02-24,19,2.48
2018-02-24,20,0.26
2018-02-24,21,0.25
2018-02-24,22,0.17
2018-02-24,23,0.16
2018-02-25,0,0.195
2018-02-25,1,0.2
2018-02-25,2,0.245
2018-02-25,3,0.205
2018-02-25,4,0.19
2018-02-25,5,0.125
2018-02-25,6,0.1
2018-02-25,7,0.12
2018-02-25,8,0.155
2018-02-25,9,0.15000000000000002
2018-02-25,10,0.2
2018-02-25,11,0.11
2018-02-25,12,0.14
2018-02-25,13,0.14
2018-02-25,14,0.135
2018-02-25,15,0.13
2018-02-25,16,0.14
2018-02-25,17,0.26
2018-02-25,18,0.735
2018-02-25,19,1.455
2018-02-25,20,0.29000000000000004
2018-02-25,21,0.305
2018-02-25,22,0.22000000000000003
2018-02-25,23,0.15000000000000002
2018-02-26,0,0.28
2018-02-26,1,0.3
2018-02-26,2,0.22
2018-02-26,3,0.12
2018-02-26,4,0.11
2018-02-26,5,0.12
2018-02-26,6,0.11
2018-02-26,7,0.12
2018-02-26,8,0.21
2018-02-26,9,0.2
2018-02-26,10,0.15
2018-02-26,11,0.1
2018-02-26,12,0.08
2018-02-26,13,0.09
2018-02-26,14,0.09
2018-02-26,15,0.11
2018-02-26,16,0.09
2018-02-26,17,0.24
2018-02-26,18,0.26
2018-02-26,19,0.43
2018-02-26,20,0.32
2018-02-26,21,0.36
2018-02-26,22,0.27
2018-02-26,23,0.14
2018-02-27,0,0.09
2018-02-27,1,0.11
2018-02-27,2,0.09
2018-02-27,3,0.1
2018-02-27,4,0.09
2018-02-27,5,0.1
2018-02-27,6,0.09
2018-02-27,7,0.18
2018-02-27,8,0.34
2018-02-27,9,0.26
2018-02-27,10,0.09
2018-02-27,11,0.12
2018-02-27,12,0.1
2018-02-27,13,0.1
2018-02-27,14,0.1
2018-02-27,15,0.1
2018-02-27,16,0.09
2018-02-27,17,0.16
2018-02-27,18,0.57
2018-02-27,19,0.28
2018-02-27,20,0.31
2018-02-27,21,0.25
2018-02-27,22,0.18
2018-02-27,23,0.13
2018-02-28,0,0.16
2018-02-28,1,0.31
2018-02-28,2,0.29
2018-02-28,3,0.23
2018-02-28,4,0.12
2018-02-28,5,0.12
2018-02-28,6,0.12
2018-02-28,7,0.12
2018-02-28,8,0.2
2018-02-28,9,0.09
2018-02-28,10,0.11
2018-02-28,11,0.11
2018-02-28,12,0.1
2018-02-28,13,0.1
2018-02-28,14,0.13
2018-02-28,15,0.24
2018-02-28,16,0.28
2018-02-28,17,0.27
2018-02-28,18,0.21
2018-02-28,19,0.32
2018-02-28,20,0.23
2018-02-28,21,0.15
2018-02-28,22,0.17
2018-02-28,23,0.17
2018-03-01,0,0.09
2018-03-01,1,0.09
2018-03-01,2,0.11
2018-03-01,3,0.11
2018-03-01,4,0.11
2018-03-01,5,0.09
2018-03-01,6,0.09
2018-03-01,7,0.25
2018-03-01,8,0.34
2018-03-01,9,0.2
2018-03-01,10,0.1
2018-03-01,11,0.09
2018-03-01,12,0.11
2018-03-01,13,0.09
2018-03-01,14,0.11
2018-03-01,15,0.11
2018-03-01,16,0.09
2018-03-01,17,0.11
2018-03-01,18,0.11
2018-03-01,19,0.12
2018-03-01,20,0.13
2018-03-01,21,0.13
2018-03-01,22,0.19
2018-03-01,23,0.11
2018-03-02,0,0.09
2018-03-02,1,0.13
2018-03-02,2,0.27
2018-03-02,3,0.29
2018-03-02,4,0.25
2018-03-02,5,0.09
2018-03-02,6,0.1
2018-03-02,7,0.09
2018-03-02,8,0.11
2018-03-02,9,0.16
2018-03-02,10,0.09
2018-03-02,11,0.11
2018-03-02,12,0.09
2018-03-02,13,0.11
2018-03-02,14,0.11
2018-03-02,15,0.09
2018-03-02,16,0.1
2018-03-02,17,0.16
2018-03-02,18,0.3
2018-03-02,19,0.5
2018-03-02,20,0.72
2018-03-02,21,1.07
2018-03-02,22,0.38
2018-03-02,23,0.31
2018-03-03,0,0.25
2018-03-03,1,0.15
2018-03-03,2,0.1
2018-03-03,3,0.1
2018-03-03,4,0.1
2018-03-03,5,0.09
2018-03-03,6,0.11
2018-03-03,7,0.17
2018-03-03,8,0.32
2018-03-03,9,0.72
2018-03-03,10,0.32
2018-03-03,11,0.32
2018-03-03,12,0.88
2018-03-03,13,0.33
2018-03-03,14,0.27
2018-03-03,15,0.29
2018-03-03,16,0.29
2018-03-03,17,0.15
2018-03-03,18,0.11
2018-03-03,19,0.11
2018-03-03,20,0.11
2018-03-03,21,0.1
2018-03-03,22,0.12
2018-03-03,23,0.1
2018-03-04,0,0.12
2018-03-04,1,0.13
2018-03-04,2,0.22
2018-03-04,3,0.17
2018-03-04,4,0.3
2018-03-04,5,0.28
2018-03-04,6,0.22
2018-03-04,7,0.12
2018-03-04,8,0.1
2018-03-04,9,0.12
2018-03-04,10,0.71
2018-03-04,11,0.23
2018-03-04,12,0.21
2018-03-04,13,0.1
2018-03-04,14,0.13
2018-03-04,15,0.09
2018-03-04,16,0.85
2018-03-04,17,0.31
2018-03-04,18,0.29
2018-03-04,19,0.46
2018-03-04,20,0.61
2018-03-04,21,0.66
2018-03-04,22,0.28
2018-03-04,23,0.15
2018-03-05,0,0.1
2018-03-05,1,0.11
2018-03-05,2,0.09
2018-03-05,3,0.16
2018-03-05,4,0.27
2018-03-05,5,0.27
2018-03-05,6,0.34
2018-03-05,7,0.12
2018-03-05,8,0.28
2018-03-05,9,0.09
2018-03-05,10,0.11
2018-03-05,11,0.09
2018-03-05,12,0.1
2018-03-05,13,0.1
2018-03-05,14,0.09
2018-03-05,15,0.1
2018-03-05,16,0.09
2018-03-05,17,0.11
2018-03-05,18,0.21
2018-03-05,19,0.11
2018-03-05,20,0.09
2018-03-05,21,0.11
2018-03-05,22,0.09
2018-03-05,23,0.11
2018-03-06,0,0.26
2018-03-06,1,0.28
2018-03-06,2,0.25
2018-03-06,3,0.09
2018-03-06,4,0.11
2018-03-06,5,0.09
2018-03-06,6,0.11
2018-03-06,7,0.12
2018-03-06,8,0.25
2018-03-06,9,0.09
2018-03-06,10,0.11
2018-03-06,11,0.09
2018-03-06,12,0.11
2018-03-06,13,0.09
2018-03-06,14,0.1
2018-03-06,15,0.09
2018-03-06,16,0.1
2018-03-06,17,0.19
2018-03-06,18,0.34
2018-03-06,19,0.32
2018-03-06,20,0.25
2018-03-06,21,0.14
2018-03-06,22,0.1
2018-03-06,23,0.13
2018-03-07,0,0.4
2018-03-07,1,0.11
2018-03-07,2,0.09
2018-03-07,3,0.12
2018-03-07,4,0.09
2018-03-07,5,0.09
2018-03-07,6,0.1
2018-03-07,7,0.08
2018-03-07,8,0.23
2018-03-07,9,0.09
2018-03-07,10,0.11
2018-03-07,11,0.15
2018-03-07,12,0.4
2018-03-07,13,0.12
2018-03-07,14,0.18
2018-03-07,15,0.12
2018-03-07,16,0.5
2018-03-07,17,0.97
2018-03-07,18,1.85
2018-03-07,19,0.54
2018-03-07,20,0.51
2018-03-07,21,0.55
2018-03-07,22,0.52
2018-03-07,23,0.17
2018-03-08,0,0.1
2018-03-08,1,0.09
2018-03-08,2,0.11
2018-03-08,3,0.22
2018-03-08,4,0.13
2018-03-08,5,0.08
2018-03-08,6,0.11
2018-03-08,7,0.11
2018-03-08,8,0.11
2018-03-08,9,0.1
2018-03-08,10,0.1
2018-03-08,11,0.11
2018-03-08,12,0.08
2018-03-08,13,0.12
2018-03-08,14,0.1
2018-03-08,15,0.12
2018-03-08,16,0.1
2018-03-08,17,0.17
2018-03-08,18,0.41
2018-03-08,19,0.48
2018-03-08,20,0.28
2018-03-08,21,0.34
2018-03-08,22,0.29
2018-03-08,23,0.17
2018-03-09,0,0.09
2018-03-09,1,0.1
2018-03-09,2,0.08
2018-03-09,3,0.11
2018-03-09,4,0.1
2018-03-09,5,0.09
2018-03-09,6,0.12
2018-03-09,7,0.12
2018-03-09,8,0.21
2018-03-09,9,0.1
2018-03-09,10,0.09
2018-03-09,11,0.09
2018-03-09,12,0.09
2018-03-09,13,0.08
2018-03-09,14,0.12
2018-03-09,15,0.09
2018-03-09,16,0.09
2018-03-09,17,0.11
2018-03-09,18,0.3
2018-03-09,19,0.27
2018-03-09,20,0.35
2018-03-09,21,0.44
2018-03-09,22,0.38
2018-03-09,23,0.5
2018-03-10,0,0.59
2018-03-10,1,0.51
2018-03-10,2,0.33
2018-03-10,3,0.24
2018-03-10,4,0.09
2018-03-10,5,0.12
2018-03-10,6,0.1
2018-03-10,7,0.1
2018-03-10,8,0.11
2018-03-10,9,0.2
2018-03-10,10,0.84
2018-03-10,11,0.41
2018-03-10,12,2.24
2018-03-10,13,0.32
2018-03-10,14,0.25
2018-03-10,15,0.3
2018-03-10,16,0.31
2018-03-10,17,0.1
2018-03-10,18,0.47
2018-03-10,19,1.85
2018-03-10,20,0.95
2018-03-10,21,0.4
2018-03-10,22,0.35
2018-03-10,23,0.33
2018-03-11,0,0.21
2018-03-11,1,0.12
2018-03-11,3,0.11
2018-03-11,4,0.1
2018-03-11,5,0.11
2018-03-11,6,0.1
2018-03-11,7,0.09
2018-03-11,8,0.11
2018-03-11,9,0.2
2018-03-11,10,0.51
2018-03-11,11,0.46
2018-03-11,12,0.32
2018-03-11,13,0.32
2018-03-11,14,0.31
2018-03-11,15,0.9
2018-03-11,16,0.95
2018-03-11,17,0.38
2018-03-11,18,0.34
2018-03-11,19,1.09
2018-03-11,20,0.68
2018-03-11,21,0.32
2018-03-11,22,0.23
2018-03-11,23,0.13
2018-03-12,0,0.09
2018-03-12,1,0.11
2018-03-12,2,0.1
2018-03-12,3,0.09
2018-03-12,4,0.1
2018-03-12,5,0.09
2018-03-12,6,0.1
2018-03-12,7,0.23
2018-03-12,8,0.3
2018-03-12,9,0.11
2018-03-12,10,0.1
2018-03-12,11,0.09
2018-03-12,12,0.1
2018-03-12,13,0.09
2018-03-12,14,0.20500000000000002
2018-03-12,15,0.1
2018-03-12,16,0.08
2018-03-12,17,0.11
2018-03-12,18,0.27
2018-03-12,19,1.27
2018-03-12,20,1.0
2018-03-12,21,0.45
2018-03-12,22,0.1
2018-03-12,23,0.11
2018-03-13,0,0.11
2018-03-13,1,0.1
2018-03-13,2,0.09
2018-03-13,3,0.1
2018-03-13,4,0.11
2018-03-13,5,0.09
2018-03-13,6,0.11
2018-03-13,7,0.14
2018-03-13,8,0.17
2018-03-13,9,0.1
2018-03-13,10,0.09
2018-03-13,11,0.1
2018-03-13,12,0.1
2018-03-13,13,0.09
2018-03-13,14,0.1
2018-03-13,15,0.12
2018-03-13,16,0.08
2018-03-13,17,0.11
2018-03-13,18,0.11
2018-03-13,19,0.11
2018-03-13,20,0.21
2018-03-13,21,0.49
2018-03-13,22,0.16
2018-03-13,23,0.12
2018-03-14,0,0.1
2018-03-14,1,0.1
2018-03-14,2,0.1
2018-03-14,3,0.09
2018-03-14,4,0.11
2018-03-14,5,0.1
2018-03-14,6,0.09
2018-03-14,7,0.12
2018-03-14,8,0.21
2018-03-14,9,0.1
2018-03-14,10,0.28
2018-03-14,11,0.28
2018-03-14,12,0.1
2018-03-14,13,0.1
2018-03-14,14,0.1
2018-03-14,15,0.1
2018-03-14,16,0.1
2018-03-14,17,0.11
2018-03-14,18,0.09
2018-03-14,19,0.1
2018-03-14,20,0.1
2018-03-14,21,0.31
2018-03-14,22,0.14
2018-03-14,23,0.11
2018-03-15,0,0.09
2018-03-15,1,0.1
2018-03-15,2,0.1
2018-03-15,3,0.08
2018-03-15,4,0.12
2018-03-15,5,0.1
2018-03-15,6,0.08
2018-03-15,7,0.25
2018-03-15,8,0.36
2018-03-15,9,0.22
2018-03-15,10,0.1
2018-03-15,11,0.1
2018-03-15,12,0.09
2018-03-15,13,0.2
2018-03-15,14,0.13
2018-03-15,15,0.12
2018-03-15,16,0.1
2018-03-15,17,0.13
2018-03-15,18,0.19
2018-03-15,19,0.22
2018-03-15,20,0.51
2018-03-15,21,0.5
2018-03-15,22,0.33
2018-03-15,23,0.13
2018-03-16,0,0.1
2018-03-16,1,0.11
2018-03-16,2,0.1
2018-03-16,3,0.09
2018-03-16,4,0.12
2018-03-16,5,0.1
2018-03-16,6,0.08
2018-03-16,7,0.13
2018-03-16,8,0.11
2018-03-16,9,0.08
2018-03-16,10,0.1
2018-03-16,11,0.1
2018-03-16,12,0.08
2018-03-16,13,0.1
2018-03-16,14,0.1
2018-03-16,15,0.11
2018-03-16,16,0.1
2018-03-16,17,0.1
2018-03-16,18,0.1
2018-03-16,19,0.09
2018-03-16,20,0.19
2018-03-16,21,0.2
2018-03-16,22,0.24
2018-03-16,23,0.21
2018-03-17,0,0.22
2018-03-17,1,0.27
2018-03-17,2,0.28
2018-03-17,3,0.2
2018-03-17,4,0.1
2018-03-17,5,0.1
2018-03-17,6,0.1
2018-03-17,7,0.09
2018-03-17,8,0.1
2018-03-17,9,0.11
2018-03-17,10,0.33
2018-03-17,11,0.18
2018-03-17,12,0.24
2018-03-17,13,0.2
2018-03-17,14,0.29
2018-03-17,15,1.03
2018-03-17,16,1.72
2018-03-17,17,2.23
2018-03-17,18,0.21
2018-03-17,19,0.17
2018-03-17,20,0.31
2018-03-17,21,0.24
2018-03-17,22,0.49
2018-03-17,23,0.3
2018-03-18,0,0.23
2018-03-18,1,0.22
2018-03-18,2,0.21
2018-03-18,3,0.14
2018-03-18,4,0.1
2018-03-18,5,0.1
2018-03-18,6,0.08
2018-03-18,7,0.1
2018-03-18,8,0.11
2018-03-18,9,0.26
2018-03-18,10,1.69
2018-03-18,11,0.61
2018-03-18,12,0.2
2018-03-18,13,0.19
2018-03-18,14,0.2
2018-03-18,15,0.22
2018-03-18,16,0.2
2018-03-18,17,0.25
2018-03-18,18,0.1
2018-03-18,19,0.11
2018-03-18,20,0.12
2018-03-18,21,0.15
2018-03-18,22,0.14
2018-03-18,23,0.11
2018-03-19,0,0.09
2018-03-19,1,0.19
2018-03-19,2,0.28
2018-03-19,3,0.26
2018-03-19,4,0.15
2018-03-19,5,0.1
2018-03-19,6,0.09
2018-03-19,7,0.14
2018-03-19,8,0.24
2018-03-19,9,0.09
2018-03-19,10,0.1
2018-03-19,11,0.1
2018-03-19,12,0.09
2018-03-19,13,0.1
2018-03-19,14,0.1
2018-03-19,15,0.09
2018-03-19,16,0.09
2018-03-19,17,0.11
2018-03-19,18,0.12
2018-03-19,19,1.04
2018-03-19,20,0.35
2018-03-19,21,0.26
2018-03-19,22,0.35
2018-03-19,23,0.2
2018-03-20,0,0.1
2018-03-20,1,0.11
2018-03-20,2,0.09
2018-03-20,3,0.11
2018-03-20,4,0.09
2018-03-20,5,0.16
2018-03-20,6,0.28
2018-03-20,7,0.28
2018-03-20,8,0.31
2018-03-20,9,0.09
2018-03-20,10,0.1
2018-03-20,11,0.09
2018-03-20,12,0.1
2018-03-20,13,0.1
2018-03-20,14,0.09
2018-03-20,15,0.1
2018-03-20,16,0.08
2018-03-20,17,0.1
2018-03-20,18,0.2
2018-03-20,19,0.73
2018-03-20,20,0.32
2018-03-20,21,0.4
2018-03-20,22,0.18
2018-03-20,23,0.18
2018-03-21,0,0.1
2018-03-21,1,0.11
2018-03-21,2,0.09
2018-03-21,3,0.11
2018-03-21,4,0.11
2018-03-21,5,0.27
2018-03-21,6,0.28
2018-03-21,7,0.26
2018-03-21,8,0.28
2018-03-21,9,0.09
2018-03-21,10,0.1
2018-03-21,11,0.08
2018-03-21,12,0.11
2018-03-21,13,0.09
2018-03-21,14,0.1
2018-03-21,15,0.12
2018-03-21,16,0.09
2018-03-21,17,0.13
2018-03-21,18,0.1
2018-03-21,19,0.96
2018-03-21,20,0.25
2018-03-21,21,0.14
2018-03-21,22,0.12
2018-03-21,23,0.17
2018-03-22,0,0.18
2018-03-22,1,0.21
2018-03-22,2,0.12
2018-03-22,3,0.1
2018-03-22,4,0.12
2018-03-22,5,0.1
2018-03-22,6,0.11
2018-03-22,7,0.15
2018-03-22,8,0.29
2018-03-22,9,0.12
2018-03-22,10,0.12
2018-03-22,11,0.12
2018-03-22,12,0.09
2018-03-22,13,0.25
2018-03-22,14,0.28
2018-03-22,15,0.27
2018-03-22,16,0.1
2018-03-22,17,0.1
2018-03-22,18,0.11
2018-03-22,19,1.29
2018-03-22,20,0.34
2018-03-22,21,0.2
2018-03-22,22,0.26
2018-03-22,23,0.15
2018-03-23,0,0.12
2018-03-23,1,0.1
2018-03-23,2,0.1
2018-03-23,3,0.11
2018-03-23,4,0.11
2018-03-23,5,0.13
2018-03-23,6,0.22
2018-03-23,7,0.29
2018-03-23,8,0.31
2018-03-23,9,0.1
2018-03-23,10,0.1
2018-03-23,11,0.09
2018-03-23,12,0.11
2018-03-23,13,0.09
2018-03-23,14,0.11
2018-03-23,15,0.11
2018-03-23,16,0.11
2018-03-23,17,0.45
2018-03-23,18,0.4
2018-03-23,19,2.85
2018-03-23,20,1.49
2018-03-23,21,0.69
2018-03-23,22,0.88
2018-03-23,23,0.24
2018-03-24,0,0.12
2018-03-24,1,0.1
2018-03-24,2,0.1
2018-03-24,3,0.11
2018-03-24,4,0.13
2018-03-24,5,0.2
2018-03-24,6,0.27
2018-03-24,7,0.28
2018-03-24,8,0.21
2018-03-24,9,0.1
2018-03-24,10,0.13
2018-03-24,11,0.1
2018-03-24,12,0.11
2018-03-24,13,0.1
2018-03-24,14,0.14
2018-03-24,15,0.37
2018-03-24,16,0.34
2018-03-24,17,0.39
2018-03-24,18,0.33
2018-03-24,19,0.87
2018-03-24,20,0.33
2018-03-24,21,0.22
2018-03-24,22,0.27
2018-03-24,23,0.31
2018-03-25,0,0.36
2018-03-25,1,0.34
2018-03-25,2,0.3
2018-03-25,3,0.12
2018-03-25,4,0.15
2018-03-25,5,0.27
2018-03-25,6,0.28
2018-03-25,7,0.26
2018-03-25,8,0.18
2018-03-25,9,0.09
2018-03-25,10,0.11
2018-03-25,11,0.09
2018-03-25,12,0.56
2018-03-25,13,0.24
2018-03-25,14,0.23
2018-03-25,15,0.31
2018-03-25,16,0.3
2018-03-25,17,0.24
2018-03-25,18,0.2
2018-03-25,19,1.59
2018-03-25,20,0.28
2018-03-25,21,0.29
2018-03-25,22,0.27
2018-03-25,23,0.31
2018-03-26,0,0.1
2018-03-26,1,0.11
2018-03-26,2,0.11
2018-03-26,3,0.11
2018-03-26,4,0.12
2018-03-26,5,0.13
2018-03-26,6,0.09
2018-03-26,7,0.15
2018-03-26,8,0.37
2018-03-26,9,0.26
2018-03-26,10,0.19
2018-03-26,11,0.08
2018-03-26,12,0.11
2018-03-26,13,0.4
2018-03-26,14,0.3
2018-03-26,15,0.68
2018-03-26,16,0.59
2018-03-26,17,0.43
2018-03-26,18,0.52
2018-03-26,19,1.36
2018-03-26,20,0.44
2018-03-26,21,0.2
2018-03-26,22,0.22
2018-03-26,23,0.18
2018-03-27,0,0.11
2018-03-27,1,0.12
2018-03-27,2,0.13
2018-03-27,3,0.1
2018-03-27,4,0.15
2018-03-27,5,0.1
2018-03-27,6,0.12
2018-03-27,7,0.13
2018-03-27,8,0.22
2018-03-27,9,0.1
2018-03-27,10,0.09
2018-03-27,11,0.21
2018-03-27,12,0.17
2018-03-27,13,0.14
2018-03-27,14,0.15
2018-03-27,15,0.61
2018-03-27,16,0.11
2018-03-27,17,0.1
2018-03-27,18,0.49
2018-03-27,19,0.32
2018-03-27,20,0.29
2018-03-27,21,0.23
2018-03-27,22,0.26
2018-03-27,23,0.22
2018-03-28,0,0.13
2018-03-28,1,0.13
2018-03-28,2,0.12
2018-03-28,3,0.1
2018-03-28,4,0.12
2018-03-28,5,0.09
2018-03-28,6,0.24
2018-03-28,7,0.29
2018-03-28,8,0.31
2018-03-28,9,0.1
2018-03-28,10,0.19
2018-03-28,11,0.28
2018-03-28,12,0.16
2018-03-28,13,0.1
2018-03-28,14,0.11
2018-03-28,15,0.11
2018-03-28,16,0.12
2018-03-28,17,0.34
2018-03-28,18,0.33
2018-03-28,19,0.48
2018-03-28,20,0.95
2018-03-28,21,0.22
2018-03-28,22,0.16
2018-03-28,23,0.15
2018-03-29,0,0.15
2018-03-29,1,0.14
2018-03-29,2,0.11
2018-03-29,3,0.09
2018-03-29,4,0.11
2018-03-29,5,0.1
2018-03-29,6,0.09
2018-03-29,7,0.1
2018-03-29,8,0.18
2018-03-29,9,0.09
2018-03-29,10,0.1
2018-03-29,11,0.09
2018-03-29,12,0.1
2018-03-29,13,0.24
2018-03-29,14,0.09
2018-03-29,15,0.11
2018-03-29,16,0.15
2018-03-29,17,0.39
2018-03-29,18,0.24
2018-03-29,19,0.42
2018-03-29,20,0.31
2018-03-29,21,0.28
2018-03-29,22,0.26
2018-03-29,23,0.28
2018-03-30,0,0.1
2018-03-30,1,0.09
2018-03-30,2,0.1
2018-03-30,3,0.12
2018-03-30,4,0.19
2018-03-30,5,0.2
2018-03-30,6,0.16
2018-03-30,7,0.11
2018-03-30,8,0.11
2018-03-30,9,0.1
2018-03-30,10,0.09
2018-03-30,11,0.1
2018-03-30,12,0.1
2018-03-30,13,0.09
2018-03-30,14,0.11
2018-03-30,15,0.14
2018-03-30,16,0.1
2018-03-30,17,0.11
2018-03-30,18,0.22
2018-03-30,19,0.27
2018-03-30,20,3.18
2018-03-30,21,0.32
2018-03-30,22,1.48
2018-03-30,23,1.03
2018-03-31,0,0.22
2018-03-31,1,0.28
2018-03-31,2,0.17
2018-03-31,3,0.11
2018-03-31,4,0.09
2018-03-31,5,0.1
2018-03-31,6,0.09
2018-03-31,7,0.09
2018-03-31,8,0.14
2018-03-31,9,0.27
2018-03-31,10,0.32
2018-03-31,11,0.13
2018-03-31,12,0.09
2018-03-31,13,0.11
2018-03-31,14,0.09
2018-03-31,15,0.13
2018-03-31,16,0.09
2018-03-31,17,0.11
2018-03-31,18,0.09
2018-03-31,19,0.11
2018-03-31,20,0.09
2018-03-31,21,0.1
2018-03-31,22,0.1
2018-03-31,23,0.1
2018-04-01,0,0.1
2018-04-01,1,0.09
2018-04-01,2,0.1
2018-04-01,3,0.09
2018-04-01,4,0.12
2018-04-01,5,0.09
2018-04-01,6,0.1
2018-04-01,7,0.08
2018-04-01,8,0.1
2018-04-01,9,0.08
2018-04-01,10,0.1
2018-04-01,11,0.08
2018-04-01,12,0.1
2018-04-01,13,0.08
2018-04-01,14,0.1
2018-04-01,15,0.1
2018-04-01,16,0.1
2018-04-01,17,0.08
2018-04-01,18,0.1
2018-04-01,19,0.08
2018-04-01,20,0.1
2018-04-01,21,0.08
2018-04-01,22,0.09
2018-04-01,23,0.09
2018-04-02,0,0.09
2018-04-02,1,0.09
2018-04-02,2,0.08
2018-04-02,3,0.1
2018-04-02,4,0.1
2018-04-02,5,0.1
2018-04-02,6,0.08
2018-04-02,7,0.1
2018-04-02,8,0.08
2018-04-02,9,0.09
2018-04-02,10,0.09
2018-04-02,11,0.08
2018-04-02,12,0.1
2018-04-02,13,0.08
2018-04-02,14,0.1
2018-04-02,15,0.1
2018-04-02,16,0.09
2018-04-02,17,0.08
2018-04-02,18,0.08
2018-04-02,19,0.09
2018-04-02,20,0.08
2018-04-02,21,0.1
2018-04-02,22,0.08
2018-04-02,23,0.1
2018-04-03,0,0.08
2018-04-03,1,0.09
2018-04-03,2,0.09
2018-04-03,3,0.08
2018-04-03,4,0.12
2018-04-03,5,0.08
2018-04-03,6,0.1
2018-04-03,7,0.08
2018-04-03,8,0.09
2018-04-03,9,0.09
2018-04-03,10,0.08
2018-04-03,11,0.1
2018-04-03,12,0.08
2018-04-03,13,0.09
2018-04-03,14,0.09
2018-04-03,15,0.1
2018-04-03,16,0.1
2018-04-03,17,0.08
2018-04-03,18,0.09
2018-04-03,19,0.09
2018-04-03,20,0.08
2018-04-03,21,0.1
2018-04-03,22,0.08
2018-04-03,23,0.09
2018-04-04,0,0.09
2018-04-04,1,0.08
2018-04-04,2,0.1
2018-04-04,3,0.08
2018-04-04,4,0.11
2018-04-04,5,0.09
2018-04-04,6,0.08
2018-04-04,7,0.09
2018-04-04,8,0.08
2018-04-04,9,0.09
2018-04-04,10,0.09
2018-04-04,11,0.08
2018-04-04,12,0.1
2018-04-04,13,0.1
2018-04-04,14,0.08
2018-04-04,15,0.21
2018-04-04,16,0.13
2018-04-04,17,0.08
2018-04-04,18,0.12
2018-04-04,19,0.08
2018-04-04,20,0.08
2018-04-04,21,0.1
2018-04-04,22,0.08
2018-04-04,23,0.11
2018-04-05,0,0.09
2018-04-05,1,0.08
2018-04-05,2,0.12
2018-04-05,3,0.08
2018-04-05,4,0.1
2018-04-05,5,0.12
2018-04-05,6,0.1
2018-04-05,7,0.09
2018-04-05,8,0.11
2018-04-05,9,0.08
2018-04-05,10,0.11
2018-04-05,11,0.09
2018-04-05,12,0.1
2018-04-05,13,0.11
2018-04-05,14,0.1
2018-04-05,15,0.1
2018-04-05,16,0.1
2018-04-05,17,0.1
2018-04-05,18,0.09
2018-04-05,19,0.08
2018-04-05,20,0.1
2018-04-05,21,0.09
2018-04-05,22,0.08
2018-04-05,23,0.08
2018-04-06,0,0.11
2018-04-06,1,0.08
2018-04-06,2,0.08
2018-04-06,3,0.09
2018-04-06,4,0.1
2018-04-06,5,0.11
2018-04-06,6,0.08
2018-04-06,7,0.08
2018-04-06,8,0.09
2018-04-06,9,0.08
2018-04-06,10,0.08
2018-04-06,11,0.1
2018-04-06,12,0.08
2018-04-06,13,0.09
2018-04-06,14,0.09
2018-04-06,15,0.1
2018-04-06,16,0.1
2018-04-06,17,0.08
2018-04-06,18,0.08
2018-04-06,19,0.1
2018-04-06,20,0.08
2018-04-06,21,0.09
2018-04-06,22,0.1
2018-04-06,23,0.08
2018-04-07,0,0.1
2018-04-07,1,0.08
2018-04-07,2,0.09
2018-04-07,3,0.09
2018-04-07,4,0.12
2018-04-07,5,0.12
2018-04-07,6,0.1
2018-04-07,7,0.14
2018-04-07,8,0.1
2018-04-07,9,0.1
2018-04-07,10,0.09
2018-04-07,11,0.12
2018-04-07,12,0.1
2018-04-07,13,0.1
2018-04-07,14,0.08
2018-04-07,15,0.1
2018-04-07,16,0.09
2018-04-07,17,0.1
2018-04-07,18,0.1
2018-04-07,19,0.08
2018-04-07,20,0.08
2018-04-07,21,0.09
2018-04-07,22,0.08
2018-04-07,23,0.11
2018-04-08,0,0.08
2018-04-08,1,0.08
2018-04-08,2,0.1
2018-04-08,3,0.08
2018-04-08,4,0.11
2018-04-08,5,0.11
2018-04-08,6,0.08
2018-04-08,7,0.09
2018-04-08,8,0.08
2018-04-08,9,0.1
2018-04-08,10,0.09
2018-04-08,11,0.08
2018-04-08,12,0.09
2018-04-08,13,0.08
2018-04-08,14,0.08
2018-04-08,15,0.095
2018-04-08,16,0.08
2018-04-08,17,0.09
2018-04-08,18,0.09
2018-04-08,19,0.37
2018-04-08,20,0.61
2018-04-08,21,0.61
2018-04-08,22,0.58
2018-04-08,23,0.38
2018-04-09,0,0.33
2018-04-09,1,0.35
2018-04-09,2,0.27
2018-04-09,3,0.17
2018-04-09,4,0.1
2018-04-09,5,0.09
2018-04-09,6,0.14
2018-04-09,7,0.2
2018-04-09,8,0.25
2018-04-09,9,0.1
2018-04-09,10,0.08
2018-04-09,11,0.1
2018-04-09,12,0.09
2018-04-09,13,0.1
2018-04-09,14,0.09
2018-04-09,15,0.09
2018-04-09,16,0.09
2018-04-09,17,0.09
2018-04-09,18,0.1
2018-04-09,19,0.5
2018-04-09,20,2.13
2018-04-09,21,2.51
2018-04-09,22,0.32
2018-04-09,23,0.16
2018-04-10,0,0.12
2018-04-10,1,0.1
2018-04-10,2,0.1
2018-04-10,3,0.1
2018-04-10,4,0.1
2018-04-10,5,0.1
2018-04-10,6,0.09
2018-04-10,7,0.2
2018-04-10,8,0.25
2018-04-10,9,0.11
2018-04-10,10,0.09
2018-04-10,11,0.11
2018-04-10,12,0.09
2018-04-10,13,0.09
2018-04-10,14,0.1
2018-04-10,15,0.09
2018-04-10,16,0.1
2018-04-10,17,0.09
2018-04-10,18,0.1
2018-04-10,19,0.09
2018-04-10,20,0.42
2018-04-10,21,0.22
2018-04-10,22,0.12
2018-04-10,23,0.1
2018-04-11,0,0.11
2018-04-11,1,0.09
2018-04-11,2,0.11
2018-04-11,3,0.09
2018-04-11,4,0.12
2018-04-11,5,0.08
2018-04-11,6,0.1
2018-04-11,7,0.11
2018-04-11,8,0.26
2018-04-11,9,0.08
2018-04-11,10,0.1
2018-04-11,11,0.08
2018-04-11,12,0.12
2018-04-11,13,0.08
2018-04-11,14,0.09
2018-04-11,15,0.11
2018-04-11,16,0.11
2018-04-11,17,0.11
2018-04-11,18,0.41
2018-04-11,19,0.63
2018-04-11,20,0.63
2018-04-11,21,0.27
2018-04-11,22,0.18
2018-04-11,23,0.11
2018-04-12,0,0.1
2018-04-12,1,0.11
2018-04-12,2,0.08
2018-04-12,3,0.1
2018-04-12,4,0.1
2018-04-12,5,0.11
2018-04-12,6,0.09
2018-04-12,7,0.12
2018-04-12,8,0.25
2018-04-12,9,0.14
2018-04-12,10,0.12
2018-04-12,11,0.1
2018-04-12,12,0.1
2018-04-12,13,0.09
2018-04-12,14,0.1
2018-04-12,15,0.11
2018-04-12,16,0.12
2018-04-12,17,0.65
2018-04-12,18,1.29
2018-04-12,19,0.29
2018-04-12,20,0.51
2018-04-12,21,0.28
2018-04-12,22,0.27
2018-04-12,23,0.23
2018-04-13,0,0.16
2018-04-13,1,0.11
2018-04-13,2,0.13
2018-04-13,3,0.09
2018-04-13,4,0.11
2018-04-13,5,0.14
2018-04-13,6,0.28
2018-04-13,7,0.27
2018-04-13,8,0.28
2018-04-13,9,0.1
2018-04-13,10,0.14
2018-04-13,11,0.08
2018-04-13,12,0.12
2018-04-13,13,0.09
2018-04-13,14,0.1
2018-04-13,15,0.1
2018-04-13,16,0.1
2018-04-13,17,0.08
2018-04-13,18,0.1
2018-04-13,19,0.11
2018-04-13,20,0.1
2018-04-13,21,0.11
2018-04-13,22,0.57
2018-04-13,23,0.48
2018-04-14,0,0.25
2018-04-14,1,0.09
2018-04-14,2,0.1
2018-04-14,3,0.09
2018-04-14,4,0.1
2018-04-14,5,0.09
2018-04-14,6,0.1
2018-04-14,7,0.09
2018-04-14,8,0.09
2018-04-14,9,0.11
2018-04-14,10,0.11
2018-04-14,11,0.32
2018-04-14,12,0.2
2018-04-14,13,0.25
2018-04-14,14,0.13
2018-04-14,15,0.17
2018-04-14,16,0.3
2018-04-14,17,0.32
2018-04-14,18,0.23
2018-04-14,19,0.11
2018-04-14,20,0.11
2018-04-14,21,0.12
2018-04-14,22,0.09
2018-04-14,23,0.1
2018-04-15,0,0.28
2018-04-15,1,1.1
2018-04-15,2,0.85
2018-04-15,3,0.17
2018-04-15,4,0.15
2018-04-15,5,0.11
2018-04-15,6,0.1
2018-04-15,7,0.13
2018-04-15,8,0.08
2018-04-15,9,0.1
2018-04-15,10,0.11
2018-04-15,11,0.64
2018-04-15,12,0.58
2018-04-15,13,0.42
2018-04-15,14,0.34
2018-04-15,15,0.31
2018-04-15,16,0.34
2018-04-15,17,0.78
2018-04-15,18,0.61
2018-04-15,19,0.26
2018-04-15,20,0.32
2018-04-15,21,0.29
2018-04-15,22,0.24
2018-04-15,23,0.15
2018-04-16,0,0.11
2018-04-16,1,0.1
2018-04-16,2,0.1
2018-04-16,3,0.1
2018-04-16,4,0.12
2018-04-16,5,0.08
2018-04-16,6,0.11
2018-04-16,7,0.15
2018-04-16,8,0.25
2018-04-16,9,0.1
2018-04-16,10,0.19
2018-04-16,11,0.14
2018-04-16,12,0.11
2018-04-16,13,0.12
2018-04-16,14,0.11
2018-04-16,15,0.08
2018-04-16,16,0.12
2018-04-16,17,0.14
2018-04-16,18,0.26
2018-04-16,19,1.0
2018-04-16,20,0.38
2018-04-16,21,0.23
2018-04-16,22,0.12
2018-04-16,23,0.15
2018-04-17,0,0.1
2018-04-17,1,0.08
2018-04-17,2,0.1
2018-04-17,3,0.09
2018-04-17,4,0.13
2018-04-17,5,0.08
2018-04-17,6,0.09
2018-04-17,7,0.16
2018-04-17,8,0.18
2018-04-17,9,0.09
2018-04-17,10,0.09
2018-04-17,11,0.09
2018-04-17,12,0.08
2018-04-17,13,0.09
2018-04-17,14,0.09
2018-04-17,15,0.11
2018-04-17,16,0.1
2018-04-17,17,0.27
2018-04-17,18,0.27
2018-04-17,19,0.28
2018-04-17,20,0.32
2018-04-17,21,0.56
2018-04-17,22,0.36
2018-04-17,23,0.15
2018-04-18,0,0.1
2018-04-18,1,0.09
2018-04-18,2,0.09
2018-04-18,3,0.09
2018-04-18,4,0.09
2018-04-18,5,0.09
2018-04-18,6,0.11
2018-04-18,7,0.09
2018-04-18,8,0.25
2018-04-18,9,0.09
2018-04-18,10,0.09
2018-04-18,11,0.09
2018-04-18,12,0.09
2018-04-18,13,0.08
2018-04-18,14,0.1
2018-04-18,15,0.09
2018-04-18,16,0.2
2018-04-18,17,0.3
2018-04-18,18,0.22
2018-04-18,19,0.28
2018-04-18,20,0.36
2018-04-18,21,0.35
2018-04-18,22,0.33
2018-04-18,23,0.22
2018-04-19,0,0.11
2018-04-19,1,0.1
2018-04-19,2,0.1
2018-04-19,3,0.1
2018-04-19,4,0.09
2018-04-19,5,0.09
2018-04-19,6,0.1
2018-04-19,7,0.15
2018-04-19,8,0.18
2018-04-19,9,0.09
2018-04-19,10,0.09
2018-04-19,11,0.1
2018-04-19,12,0.09
2018-04-19,13,0.09
2018-04-19,14,0.09
2018-04-19,15,0.1
2018-04-19,16,0.13
2018-04-19,17,0.21
2018-04-19,18,0.68
2018-04-19,19,0.27
2018-04-19,20,0.3
2018-04-19,21,0.22
2018-04-19,22,0.22
2018-04-19,23,0.19
2018-04-20,0,0.14
2018-04-20,1,0.11
2018-04-20,2,0.09
2018-04-20,3,0.09
2018-04-20,4,0.1
2018-04-20,5,0.1
2018-04-20,6,0.1
2018-04-20,7,0.14
2018-04-20,8,0.17
2018-04-20,9,0.1
2018-04-20,10,0.1
2018-04-20,11,0.09
2018-04-20,12,0.09
2018-04-20,13,0.1
2018-04-20,14,0.1
2018-04-20,15,0.1
2018-04-20,16,0.18
2018-04-20,17,0.25
2018-04-20,18,0.28
2018-04-20,19,0.53
2018-04-20,20,0.59
2018-04-20,21,0.98
2018-04-20,22,2.57
2018-04-20,23,0.47
2018-04-21,0,0.28
2018-04-21,1,0.21
2018-04-21,2,0.1
2018-04-21,3,0.09
2018-04-21,4,0.12
2018-04-21,5,0.11
2018-04-21,6,0.1
2018-04-21,7,0.1
2018-04-21,8,0.18
2018-04-21,9,0.15
2018-04-21,10,0.14
2018-04-21,11,0.11
2018-04-21,12,0.17
2018-04-21,13,0.24
2018-04-21,14,0.27
2018-04-21,15,0.63
2018-04-21,16,0.23
2018-04-21,17,0.24
2018-04-21,18,0.21
2018-04-21,19,0.12
2018-04-21,20,0.1
2018-04-21,21,0.17
2018-04-21,22,0.39
2018-04-21,23,0.33
2018-04-22,0,0.18
2018-04-22,1,0.14
2018-04-22,2,0.1
2018-04-22,3,0.1
2018-04-22,4,0.12
2018-04-22,5,0.1
2018-04-22,6,0.1
2018-04-22,7,0.1
2018-04-22,8,0.09
2018-04-22,9,0.09
2018-04-22,10,0.48
2018-04-22,11,1.18
2018-04-22,12,0.66
2018-04-22,13,0.24
2018-04-22,14,0.31
2018-04-22,15,0.29
2018-04-22,16,0.69
2018-04-22,17,0.56
2018-04-22,18,0.34
2018-04-22,19,0.49
2018-04-22,20,0.27
2018-04-22,21,0.46
2018-04-22,22,0.64
2018-04-22,23,2.3
2018-04-23,0,0.14
2018-04-23,1,0.11
2018-04-23,2,0.1
2018-04-23,3,0.1
2018-04-23,4,0.11
2018-04-23,5,0.1
2018-04-23,6,0.1
2018-04-23,7,0.12
2018-04-23,8,0.26
2018-04-23,9,0.1
2018-04-23,10,0.1
2018-04-23,11,0.1
2018-04-23,12,0.09
2018-04-23,13,0.1
2018-04-23,14,0.1
2018-04-23,15,0.1
2018-04-23,16,0.1
2018-04-23,17,0.13
2018-04-23,18,0.37
2018-04-23,19,0.65
2018-04-23,20,0.31
2018-04-23,21,0.28
2018-04-23,22,0.22
2018-04-23,23,0.19
2018-04-24,0,0.11
2018-04-24,1,0.1
2018-04-24,2,0.1
2018-04-24,3,0.09
2018-04-24,4,0.1
2018-04-24,5,0.1
2018-04-24,6,0.1
2018-04-24,7,0.13
2018-04-24,8,0.26
2018-04-24,9,0.09
2018-04-24,10,0.1
2018-04-24,11,0.1
2018-04-24,12,0.1
2018-04-24,13,0.09
2018-04-24,14,0.09
2018-04-24,15,0.21
2018-04-24,16,0.1
2018-04-24,17,0.1
2018-04-24,18,0.09
2018-04-24,19,0.09
2018-04-24,20,1.79
2018-04-24,21,0.57
2018-04-24,22,0.23
2018-04-24,23,0.21
2018-04-25,0,0.15
2018-04-25,1,0.1
2018-04-25,2,0.11
2018-04-25,3,0.11
2018-04-25,4,0.12
2018-04-25,5,0.1
2018-04-25,6,0.1
2018-04-25,7,0.13
2018-04-25,8,0.18
2018-04-25,9,0.09
2018-04-25,10,0.1
2018-04-25,11,0.1
2018-04-25,12,0.1
2018-04-25,13,0.09
2018-04-25,14,0.09
2018-04-25,15,0.11
2018-04-25,16,0.11
2018-04-25,17,0.14
2018-04-25,18,0.13
2018-04-25,19,0.64
2018-04-25,20,0.86
2018-04-25,21,0.2
2018-04-25,22,0.17
2018-04-25,23,0.12
2018-04-26,0,0.11
2018-04-26,1,0.11
2018-04-26,2,0.1
2018-04-26,3,0.1
2018-04-26,4,0.12
2018-04-26,5,0.1
2018-04-26,6,0.1
2018-04-26,7,0.13
2018-04-26,8,0.27
2018-04-26,9,0.09
2018-04-26,10,0.1
2018-04-26,11,0.1
2018-04-26,12,0.1
2018-04-26,13,0.09
2018-04-26,14,0.09
2018-04-26,15,0.11
2018-04-26,16,0.1
2018-04-26,17,0.11
2018-04-26,18,0.74
2018-04-26,19,0.66
2018-04-26,20,0.32
2018-04-26,21,0.35
2018-04-26,22,0.21
2018-04-26,23,0.11
2018-04-27,0,0.11
2018-04-27,1,0.11
2018-04-27,2,0.11
2018-04-27,3,0.1
2018-04-27,4,0.1
2018-04-27,5,0.1
2018-04-27,6,0.1
2018-04-27,7,0.12
2018-04-27,8,0.29
2018-04-27,9,0.09
2018-04-27,10,0.1
2018-04-27,11,0.11
2018-04-27,12,0.1
2018-04-27,13,0.1
2018-04-27,14,0.09
2018-04-27,15,0.1
2018-04-27,16,0.26
2018-04-27,17,0.25
2018-04-27,18,0.2
2018-04-27,19,0.22
2018-04-27,20,0.2
2018-04-27,21,0.23
2018-04-27,22,0.24
2018-04-27,23,0.24
2018-04-28,0,0.21
2018-04-28,1,0.17
2018-04-28,2,0.11
2018-04-28,3,0.1
2018-04-28,4,0.155
2018-04-28,5,0.09
2018-04-28,6,0.1
2018-04-28,7,0.1
2018-04-28,8,0.1
2018-04-28,9,0.18
2018-04-28,10,0.32
2018-04-28,11,0.54
2018-04-28,12,0.43
2018-04-28,13,0.27
2018-04-28,14,0.31
2018-04-28,15,0.32
2018-04-28,16,0.35
2018-04-28,17,0.28
2018-04-28,18,0.25
2018-04-28,19,0.27
2018-04-28,20,0.34
2018-04-28,21,0.37
2018-04-28,22,0.59
2018-04-28,23,0.63
2018-04-29,0,0.23
2018-04-29,1,0.23
2018-04-29,2,0.22
2018-04-29,3,0.22
2018-04-29,4,0.21
2018-04-29,5,0.28
2018-04-29,6,0.26
2018-04-29,7,0.13
2018-04-29,8,0.1
2018-04-29,9,0.1
2018-04-29,10,0.1
2018-04-29,11,0.64
2018-04-29,12,1.38
2018-04-29,13,0.6
2018-04-29,14,0.37
2018-04-29,15,0.49
2018-04-29,16,0.61
2018-04-29,17,2.92
2018-04-29,18,2.51
2018-04-29,19,1.68
2018-04-29,20,0.36
2018-04-29,21,0.66
2018-04-29,22,0.22
2018-04-29,23,0.12
2018-04-30,0,0.1
2018-04-30,1,0.1
2018-04-30,2,0.11
2018-04-30,3,0.11
2018-04-30,4,0.13
2018-04-30,5,0.1
2018-04-30,6,0.09
2018-04-30,7,0.18
2018-04-30,8,0.28
2018-04-30,9,0.11
2018-04-30,10,0.13
2018-04-30,11,0.19
2018-04-30,12,0.12
2018-04-30,13,0.1
2018-04-30,14,0.11
2018-04-30,15,0.12
2018-04-30,16,0.09
2018-04-30,17,0.42
2018-04-30,18,0.49
2018-04-30,19,0.22
2018-04-30,20,0.27
2018-04-30,21,0.32
2018-04-30,22,0.26
2018-04-30,23,0.13
2018-05-01,0,0.12
2018-05-01,1,0.1
2018-05-01,2,0.1
2018-05-01,3,0.11
2018-05-01,4,0.13
2018-05-01,5,0.11
2018-05-01,6,0.09
2018-05-01,7,0.12
2018-05-01,8,0.29
2018-05-01,9,0.1
2018-05-01,10,0.09
2018-05-01,11,0.1
2018-05-01,12,0.1
2018-05-01,13,0.1
2018-05-01,14,0.1
2018-05-01,15,0.11
2018-05-01,16,0.1
2018-05-01,17,0.1
2018-05-01,18,0.1
2018-05-01,19,0.09
2018-05-01,20,0.1
2018-05-01,21,0.2
2018-05-01,22,0.15
2018-05-01,23,0.1
2018-05-02,0,0.11
2018-05-02,1,0.21
2018-05-02,2,0.11
2018-05-02,3,0.11
2018-05-02,4,0.12
2018-05-02,5,0.1
2018-05-02,6,0.1
2018-05-02,7,0.11
2018-05-02,8,0.28
2018-05-02,9,0.1
2018-05-02,10,0.09
2018-05-02,11,0.1
2018-05-02,12,0.1
2018-05-02,13,0.09
2018-05-02,14,0.1
2018-05-02,15,0.12
2018-05-02,16,0.11
2018-05-02,17,0.09
2018-05-02,18,0.2
2018-05-02,19,0.46
2018-05-02,20,0.29
2018-05-02,21,0.27
2018-05-02,22,0.24
2018-05-02,23,0.16
2018-05-03,0,0.11
2018-05-03,1,0.11
2018-05-03,2,0.12
2018-05-03,3,0.11
2018-05-03,4,0.13
2018-05-03,5,0.1
2018-05-03,6,0.11
2018-05-03,7,0.13
2018-05-03,8,0.28
2018-05-03,9,0.2
2018-05-03,10,0.13
2018-05-03,11,0.1
2018-05-03,12,0.11
2018-05-03,13,0.1
2018-05-03,14,0.1
2018-05-03,15,0.11
2018-05-03,16,0.1
2018-05-03,17,0.15
2018-05-03,18,0.29
2018-05-03,19,0.21
2018-05-03,20,1.94
2018-05-03,21,1.11
2018-05-03,22,2.25
2018-05-03,23,0.55
2018-05-04,0,0.1
2018-05-04,1,0.1
2018-05-04,2,0.1
2018-05-04,3,0.1
2018-05-04,4,0.11
2018-05-04,5,0.09
2018-05-04,6,0.1
2018-05-04,7,0.13
2018-05-04,8,0.26
2018-05-04,9,0.12
2018-05-04,10,0.1
2018-05-04,11,0.09
2018-05-04,12,0.09
2018-05-04,13,0.1
2018-05-04,14,0.1
2018-05-04,15,0.12
2018-05-04,16,0.11
2018-05-04,17,0.26
2018-05-04,18,0.34
2018-05-04,19,0.34
2018-05-04,20,0.61
2018-05-04,21,0.26
2018-05-04,22,0.23
2018-05-04,23,0.12
2018-05-05,0,0.1
2018-05-05,1,0.1
2018-05-05,2,0.1
2018-05-05,3,0.1
2018-05-05,4,0.09
2018-05-05,5,0.09
2018-05-05,6,0.09
2018-05-05,7,0.09
2018-05-05,8,0.09
2018-05-05,9,0.09
2018-05-05,10,0.1
2018-05-05,11,0.09
2018-05-05,12,0.09
2018-05-05,13,0.09
2018-05-05,14,0.1
2018-05-05,15,0.1
2018-05-05,16,0.1
2018-05-05,17,0.09
2018-05-05,18,0.1
2018-05-05,19,0.09
2018-05-05,20,0.09
2018-05-05,21,0.09
2018-05-05,22,0.1
2018-05-05,23,0.09
2018-05-06,0,0.1
2018-05-06,1,0.09
2018-05-06,2,0.1
2018-05-06,3,0.1
2018-05-06,4,0.09
2018-05-06,5,0.09
2018-05-06,6,0.09
2018-05-06,7,0.09
2018-05-06,8,0.1
2018-05-06,9,0.1
2018-05-06,10,0.09
2018-05-06,11,0.1
2018-05-06,12,0.09
2018-05-06,13,0.09
2018-05-06,14,0.09
2018-05-06,15,0.1
2018-05-06,16,0.1
2018-05-06,17,0.1
2018-05-06,18,0.1
2018-05-06,19,0.1
2018-05-06,20,0.09
2018-05-06,21,0.1
2018-05-06,22,0.1
2018-05-06,23,0.09
2018-05-07,0,0.09
2018-05-07,1,0.09
2018-05-07,2,0.1
2018-05-07,3,0.1
2018-05-07,4,0.1
2018-05-07,5,0.09
2018-05-07,6,0.1
2018-05-07,7,0.09
2018-05-07,8,0.09
2018-05-07,9,0.09
2018-05-07,10,0.09
2018-05-07,11,0.09
2018-05-07,12,0.09
2018-05-07,13,0.1
2018-05-07,14,0.1
2018-05-07,15,0.09
2018-05-07,16,0.1
2018-05-07,17,0.09
2018-05-07,18,0.1
2018-05-07,19,0.09
2018-05-07,20,0.09
2018-05-07,21,0.09
2018-05-07,22,0.1
2018-05-07,23,0.09
2018-05-08,0,0.1
2018-05-08,1,0.09
2018-05-08,2,0.1
2018-05-08,3,0.1
2018-05-08,4,0.1
2018-05-08,5,0.09
2018-05-08,6,0.09
2018-05-08,7,0.09
2018-05-08,8,0.09
2018-05-08,9,0.1
2018-05-08,10,0.09
2018-05-08,11,0.1
2018-05-08,12,0.1
2018-05-08,13,0.09
2018-05-08,14,0.1
2018-05-08,15,0.1
2018-05-08,16,0.09
2018-05-08,17,0.09
2018-05-08,18,0.09
2018-05-08,19,0.09
2018-05-08,20,0.12
2018-05-08,21,0.1
2018-05-08,22,0.09
2018-05-08,23,0.09
2018-05-09,0,0.1
2018-05-09,1,0.09
2018-05-09,2,0.1
2018-05-09,3,0.09
2018-05-09,4,0.09
2018-05-09,5,0.09
2018-05-09,6,0.09
2018-05-09,7,0.1
2018-05-09,8,0.1
2018-05-09,9,0.09
2018-05-09,10,0.09
2018-05-09,11,0.09
2018-05-09,12,0.1
2018-05-09,13,0.09
2018-05-09,14,0.09
2018-05-09,15,0.09
2018-05-09,16,0.09
2018-05-09,17,0.09
2018-05-09,18,0.1
2018-05-09,19,0.1
2018-05-09,20,0.09
2018-05-09,21,0.1
2018-05-09,22,0.1
2018-05-09,23,0.09
2018-05-10,0,0.09
2018-05-10,1,0.09
2018-05-10,2,0.09
2018-05-10,3,0.1
2018-05-10,4,0.09
2018-05-10,5,0.1
2018-05-10,6,0.09
2018-05-10,7,0.09
2018-05-10,8,0.09
2018-05-10,9,0.09
2018-05-10,10,0.09
2018-05-10,11,0.09
2018-05-10,12,0.1
2018-05-10,13,0.09
2018-05-10,14,0.09
2018-05-10,15,0.1
2018-05-10,16,0.09
2018-05-10,17,0.09
2018-05-10,18,0.09
2018-05-10,19,0.09
2018-05-10,20,0.09
2018-05-10,21,0.09
2018-05-10,22,0.09
2018-05-10,23,0.1
2018-05-11,0,0.09
2018-05-11,1,0.1
2018-05-11,2,0.09
2018-05-11,3,0.09
2018-05-11,4,0.09
2018-05-11,5,0.09
2018-05-11,6,0.09
2018-05-11,7,0.09
2018-05-11,8,0.09
2018-05-11,9,0.09
2018-05-11,10,0.09
2018-05-11,11,0.09
2018-05-11,12,0.09
2018-05-11,13,0.09
2018-05-11,14,0.09
2018-05-11,15,0.09
2018-05-11,16,0.09
2018-05-11,17,0.1
2018-05-11,18,0.09
2018-05-11,19,0.1
2018-05-11,20,0.1
2018-05-11,21,0.09
2018-05-11,22,0.09
2018-05-11,23,0.09
2018-05-12,0,0.09
2018-05-12,1,0.2
2018-05-12,2,0.13
2018-05-12,3,0.1
2018-05-12,4,0.1
2018-05-12,5,0.1
2018-05-12,6,0.09
2018-05-12,7,0.09
2018-05-12,8,0.09
2018-05-12,9,0.1
2018-05-12,10,0.1
2018-05-12,11,0.1
2018-05-12,12,0.09
2018-05-12,13,0.09
2018-05-12,14,0.09
2018-05-12,15,0.1
2018-05-12,16,0.1
2018-05-12,17,0.1
2018-05-12,18,0.1
2018-05-12,19,0.1
2018-05-12,20,0.1
2018-05-12,21,0.1
2018-05-12,22,0.09
2018-05-12,23,0.09
2018-05-13,0,0.1
2018-05-13,1,0.1
2018-05-13,2,0.1
2018-05-13,3,0.1
2018-05-13,4,0.1
2018-05-13,5,0.1
2018-05-13,6,0.09
2018-05-13,7,0.09
2018-05-13,8,0.09
2018-05-13,9,0.09
2018-05-13,10,0.09
2018-05-13,11,0.1
2018-05-13,12,0.1
2018-05-13,13,0.1
2018-05-13,14,0.1
2018-05-13,15,0.1
2018-05-13,16,0.09
2018-05-13,17,0.09
2018-05-13,18,0.1
2018-05-13,19,0.09
2018-05-13,20,0.1
2018-05-13,21,0.1
2018-05-13,22,0.1
2018-05-13,23,0.1
2018-05-14,0,0.1
2018-05-14,1,0.1
2018-05-14,2,0.1
2018-05-14,3,0.1
2018-05-14,4,0.1
2018-05-14,5,0.09
2018-05-14,6,0.09
2018-05-14,7,0.09
2018-05-14,8,0.1
2018-05-14,9,0.1
2018-05-14,10,0.1
2018-05-14,11,0.1
2018-05-14,12,0.1
2018-05-14,13,0.1
2018-05-14,14,0.1
2018-05-14,15,0.1
2018-05-14,16,0.09
2018-05-14,17,0.09
2018-05-14,18,0.1
2018-05-14,19,0.1
2018-05-14,20,0.1
2018-05-14,21,0.1
2018-05-14,22,0.1
2018-05-14,23,0.1
2018-05-15,0,0.1
2018-05-15,1,0.1
2018-05-15,2,0.1
2018-05-15,3,0.1
2018-05-15,4,0.1
2018-05-15,5,0.1
2018-05-15,6,0.1
2018-05-15,7,0.09
2018-05-15,8,0.09
2018-05-15,9,0.1
2018-05-15,10,0.1
2018-05-15,11,0.1
2018-05-15,12,0.1
2018-05-15,13,0.1
2018-05-15,14,0.1
2018-05-15,15,0.1
2018-05-15,16,0.1
2018-05-15,17,0.1
2018-05-15,18,0.1
2018-05-15,19,0.1
2018-05-15,20,0.1
2018-05-15,21,0.1
2018-05-15,22,0.1
2018-05-15,23,0.09
2018-05-16,0,0.1
2018-05-16,1,0.1
2018-05-16,2,0.1
2018-05-16,3,0.1
2018-05-16,4,0.1
2018-05-16,5,0.1
2018-05-16,6,0.1
2018-05-16,7,0.1
2018-05-16,8,0.1
2018-05-16,9,0.1
2018-05-16,10,0.09
2018-05-16,11,0.1
2018-05-16,12,0.09
2018-05-16,13,0.09
2018-05-16,14,0.09
2018-05-16,15,0.1
2018-05-16,16,0.1
2018-05-16,17,0.1
2018-05-16,18,0.1
2018-05-16,19,0.1
2018-05-16,20,0.1
2018-05-16,21,0.1
2018-05-16,22,0.1
2018-05-16,23,0.1
2018-05-17,0,0.1
2018-05-17,1,0.1
2018-05-17,2,0.1
2018-05-17,3,0.1
2018-05-17,4,0.1
2018-05-17,5,0.1
2018-05-17,6,0.09
2018-05-17,7,0.09
2018-05-17,8,0.09
2018-05-17,9,0.09
2018-05-17,10,0.09
2018-05-17,11,0.1
2018-05-17,12,0.1
2018-05-17,13,0.1
2018-05-17,14,0.09
2018-05-17,15,0.1
2018-05-17,16,0.09
2018-05-17,17,0.1
2018-05-17,18,0.1
2018-05-17,19,0.1
2018-05-17,20,0.1
2018-05-17,21,0.09
2018-05-17,22,0.09
2018-05-17,23,0.1
2018-05-18,0,0.09
2018-05-18,1,0.09
2018-05-18,2,0.1
2018-05-18,3,0.1
2018-05-18,4,0.1
2018-05-18,5,0.1
2018-05-18,6,0.1
2018-05-18,7,0.09
2018-05-18,8,0.1
2018-05-18,9,0.1
2018-05-18,10,0.09
2018-05-18,11,0.1
2018-05-18,12,0.09
2018-05-18,13,0.09
2018-05-18,14,0.09
2018-05-18,15,0.09
2018-05-18,16,0.1
2018-05-18,17,0.09
2018-05-18,18,0.1
2018-05-18,19,0.19
2018-05-18,20,0.14
2018-05-18,21,0.12
2018-05-18,22,0.1
2018-05-18,23,0.09
2018-05-19,0,0.09
2018-05-19,1,0.09
2018-05-19,2,0.09
2018-05-19,3,0.1
2018-05-19,4,0.1
2018-05-19,5,0.1
2018-05-19,6,0.1
2018-05-19,7,0.09
2018-05-19,8,0.1
2018-05-19,9,0.09
2018-05-19,10,0.09
2018-05-19,11,0.09
2018-05-19,12,0.09
2018-05-19,13,0.1
2018-05-19,14,0.09
2018-05-19,15,0.1
2018-05-19,16,0.1
2018-05-19,17,0.1
2018-05-19,18,0.1
2018-05-19,19,0.1
2018-05-19,20,0.09
2018-05-19,21,0.09
2018-05-19,22,0.09
2018-05-19,23,0.09
2018-05-20,0,0.1
2018-05-20,1,0.1
2018-05-20,2,0.1
2018-05-20,3,0.1
2018-05-20,4,0.1
2018-05-20,5,0.1
2018-05-20,6,0.1
2018-05-20,7,0.09
2018-05-20,8,0.09
2018-05-20,9,0.09
2018-05-20,10,0.09
2018-05-20,11,0.1
2018-05-20,12,0.1
2018-05-20,13,0.09
2018-05-20,14,0.1
2018-05-20,15,0.1
2018-05-20,16,0.1
2018-05-20,17,0.1
2018-05-20,18,0.1
2018-05-20,19,0.09
2018-05-20,20,0.1
2018-05-20,21,0.09
2018-05-20,22,0.09
2018-05-20,23,0.1
2018-05-21,0,0.1
2018-05-21,1,0.1
2018-05-21,2,0.1
2018-05-21,3,0.1
2018-05-21,4,0.1
2018-05-21,5,0.1
2018-05-21,6,0.09
2018-05-21,7,0.09
2018-05-21,8,0.09
2018-05-21,9,0.09
2018-05-21,10,0.1
2018-05-21,11,0.1
2018-05-21,12,0.1
2018-05-21,13,0.09
2018-05-21,14,0.1
2018-05-21,15,0.1
2018-05-21,16,0.1
2018-05-21,17,0.1
2018-05-21,18,0.09
2018-05-21,19,0.09
2018-05-21,20,0.09
2018-05-21,21,0.1
2018-05-21,22,0.1
2018-05-21,23,0.1
2018-05-22,0,0.1
2018-05-22,1,0.1
2018-05-22,2,0.1
2018-05-22,3,0.1
2018-05-22,4,0.1
2018-05-22,5,0.1
2018-05-22,6,0.09
2018-05-22,7,0.09
2018-05-22,8,0.1
2018-05-22,9,0.1
2018-05-22,10,0.1
2018-05-22,11,0.1
2018-05-22,12,0.1
2018-05-22,13,0.1
2018-05-22,14,0.1
2018-05-22,15,0.1
2018-05-22,16,0.1
2018-05-22,17,0.09
2018-05-22,18,0.09
2018-05-22,19,0.09
2018-05-22,20,0.1
2018-05-22,21,0.1
2018-05-22,22,0.1
2018-05-22,23,0.1
2018-05-23,0,0.1
2018-05-23,1,0.1
2018-05-23,2,0.1
2018-05-23,3,0.1
2018-05-23,4,0.09
2018-05-23,5,0.1
2018-05-23,6,0.1
2018-05-23,7,0.09
2018-05-23,8,0.1
2018-05-23,9,0.09
2018-05-23,10,0.1
2018-05-23,11,0.1
2018-05-23,12,0.1
2018-05-23,13,0.1
2018-05-23,14,0.09
2018-05-23,15,0.1
2018-05-23,16,0.1
2018-05-23,17,0.1
2018-05-23,18,0.1
2018-05-23,19,0.095
2018-05-23,20,0.1
2018-05-23,21,0.1
2018-05-23,22,0.1
2018-05-23,23,0.1
2018-05-24,0,0.09
2018-05-24,1,0.1
2018-05-24,2,0.1
2018-05-24,3,0.1
2018-05-24,4,0.1
2018-05-24,5,0.1
2018-05-24,6,0.09
2018-05-24,7,0.1
2018-05-24,8,0.09
2018-05-24,9,0.1
2018-05-24,10,0.1
2018-05-24,11,0.1
2018-05-24,12,0.09
2018-05-24,13,0.1
2018-05-24,14,0.1
2018-05-24,15,0.09
2018-05-24,16,0.1
2018-05-24,17,0.09
2018-05-24,18,0.09
2018-05-24,19,0.1
2018-05-24,20,0.1
2018-05-24,21,0.1
2018-05-24,22,0.1
2018-05-24,23,0.1
2018-05-25,0,0.1
2018-05-25,1,0.1
2018-05-25,2,0.1
2018-05-25,3,0.1
2018-05-25,4,0.1
2018-05-25,5,0.1
2018-05-25,6,0.1
2018-05-25,7,0.1
2018-05-25,8,0.09
2018-05-25,9,0.09
2018-05-25,10,0.1
2018-05-25,11,0.1
2018-05-25,12,0.09
2018-05-25,13,0.2
2018-05-25,14,0.14
2018-05-25,15,0.12
2018-05-25,16,0.1
2018-05-25,17,0.1
2018-05-25,18,0.1
2018-05-25,19,0.09
2018-05-25,20,0.09
2018-05-25,21,0.1
2018-05-25,22,0.1
2018-05-25,23,0.1
2018-05-26,0,0.1
2018-05-26,1,0.1
2018-05-26,2,0.1
2018-05-26,3,0.1
2018-05-26,4,0.1
2018-05-26,5,0.1
2018-05-26,6,0.1
2018-05-26,7,0.09
2018-05-26,8,0.09
2018-05-26,9,0.09
2018-05-26,10,0.09
2018-05-26,11,0.09
2018-05-26,12,0.09
2018-05-26,13,0.1
2018-05-26,14,0.1
2018-05-26,15,0.1
2018-05-26,16,0.1
2018-05-26,17,0.1
2018-05-26,18,0.1
2018-05-26,19,0.1
2018-05-26,20,0.1
2018-05-26,21,0.1
2018-05-26,22,0.09
2018-05-26,23,0.1
2018-05-27,0,0.09
2018-05-27,1,0.1
2018-05-27,2,0.1
2018-05-27,3,0.11
2018-05-27,4,0.1
2018-05-27,5,0.1
2018-05-27,6,0.1
2018-05-27,7,0.1
2018-05-27,8,0.09
2018-05-27,9,0.1
2018-05-27,10,0.09
2018-05-27,11,0.09
2018-05-27,12,0.09
2018-05-27,13,0.1
2018-05-27,14,0.1
2018-05-27,15,0.1
2018-05-27,16,0.1
2018-05-27,17,0.1
2018-05-27,18,0.1
2018-05-27,19,0.1
2018-05-27,20,0.31
2018-05-27,21,0.88
2018-05-27,22,2.76
2018-05-27,23,1.02
2018-05-28,0,0.24
2018-05-28,1,0.29
2018-05-28,2,0.16
2018-05-28,3,0.12
2018-05-28,4,0.11
2018-05-28,5,0.1
2018-05-28,6,0.21
2018-05-28,7,0.28
2018-05-28,8,0.37
2018-05-28,9,0.1
2018-05-28,10,0.1
2018-05-28,11,0.1
2018-05-28,12,0.19
2018-05-28,13,0.78
2018-05-28,14,2.01
2018-05-28,15,0.48
2018-05-28,16,0.31
2018-05-28,17,0.29
2018-05-28,18,0.32
2018-05-28,19,0.3
2018-05-28,20,0.6
2018-05-28,21,0.73
2018-05-28,22,0.35
2018-05-28,23,0.25
2018-05-29,0,0.1
2018-05-29,1,0.11
2018-05-29,2,0.11
2018-05-29,3,0.11
2018-05-29,4,0.1
2018-05-29,5,0.1
2018-05-29,6,0.17
2018-05-29,7,0.13
2018-05-29,8,0.28
2018-05-29,9,0.12
2018-05-29,10,0.21
2018-05-29,11,0.1
2018-05-29,12,0.11
2018-05-29,13,0.11
2018-05-29,14,0.11
2018-05-29,15,0.11
2018-05-29,16,0.09
2018-05-29,17,0.1
2018-05-29,18,0.11
2018-05-29,19,0.1
2018-05-29,20,0.45
2018-05-29,21,0.51
2018-05-29,22,0.36
2018-05-29,23,0.34
2018-05-30,0,0.14
2018-05-30,1,0.12
2018-05-30,2,0.12
2018-05-30,3,0.11
2018-05-30,4,0.1
2018-05-30,5,0.12
2018-05-30,6,0.18
2018-05-30,7,0.27
2018-05-30,8,0.1
2018-05-30,9,0.09
2018-05-30,10,0.1
2018-05-30,11,0.1
2018-05-30,12,0.1
2018-05-30,13,0.09
2018-05-30,14,0.1
2018-05-30,15,0.1
2018-05-30,16,0.13
2018-05-30,17,0.97
2018-05-30,18,0.71
2018-05-30,19,0.38
2018-05-30,20,0.25
2018-05-30,21,0.13
2018-05-30,22,0.11
2018-05-30,23,0.09
2018-05-31,0,0.11
2018-05-31,1,0.1
2018-05-31,2,0.1
2018-05-31,3,0.09
2018-05-31,4,0.11
2018-05-31,5,0.1
2018-05-31,6,0.34
2018-05-31,7,0.35
2018-05-31,8,0.11
2018-05-31,9,0.09
2018-05-31,10,0.1
2018-05-31,11,0.1
2018-05-31,12,0.09
2018-05-31,13,0.09
2018-05-31,14,0.1
2018-05-31,15,0.1
2018-05-31,16,0.11
2018-05-31,17,0.31
2018-05-31,18,0.89
2018-05-31,19,0.43
2018-05-31,20,0.31
2018-05-31,21,0.45
2018-05-31,22,0.27
2018-05-31,23,0.12
2018-06-01,0,0.11
2018-06-01,1,0.1
2018-06-01,2,0.1
2018-06-01,3,0.11
2018-06-01,4,0.09
2018-06-01,5,0.11
2018-06-01,6,0.1
2018-06-01,7,0.18
2018-06-01,8,0.29
2018-06-01,9,0.11
2018-06-01,10,0.09
2018-06-01,11,0.1
2018-06-01,12,0.1
2018-06-01,13,0.1
2018-06-01,14,0.11
2018-06-01,15,0.11
2018-06-01,16,0.1
2018-06-01,17,0.22
2018-06-01,18,0.45
2018-06-01,19,0.3
2018-06-01,20,0.33
2018-06-01,21,0.21
2018-06-01,22,0.12
2018-06-01,23,0.1
2018-06-02,0,0.12
2018-06-02,1,0.37
2018-06-02,2,0.19
2018-06-02,3,0.19
2018-06-02,4,0.11
2018-06-02,5,0.09
2018-06-02,6,0.1
2018-06-02,7,0.1
2018-06-02,8,0.29
2018-06-02,9,0.12
2018-06-02,10,1.12
2018-06-02,11,0.67
2018-06-02,12,0.74
2018-06-02,13,0.28
2018-06-02,14,0.24
2018-06-02,15,0.35
2018-06-02,16,0.33
2018-06-02,17,0.29
2018-06-02,18,0.3
2018-06-02,19,0.31
2018-06-02,20,0.27
2018-06-02,21,0.73
2018-06-02,22,0.31
2018-06-02,23,0.21
2018-06-03,0,0.11
2018-06-03,1,0.16
2018-06-03,2,0.18
2018-06-03,3,0.12
2018-06-03,4,0.11
2018-06-03,5,0.09
2018-06-03,6,0.13
2018-06-03,7,0.16
2018-06-03,8,0.44
2018-06-03,9,0.37
2018-06-03,10,0.34
2018-06-03,11,0.33
2018-06-03,12,0.37
2018-06-03,13,0.23
2018-06-03,14,0.24
2018-06-03,15,0.25
2018-06-03,16,1.02
2018-06-03,17,0.66
2018-06-03,18,0.45
2018-06-03,19,0.64
2018-06-03,20,0.23
2018-06-03,21,0.19
2018-06-03,22,0.15
2018-06-03,23,0.19
2018-06-04,0,0.15
2018-06-04,1,0.09
2018-06-04,2,0.11
2018-06-04,3,0.1
2018-06-04,4,0.1
2018-06-04,5,0.1
2018-06-04,6,0.18
2018-06-04,7,0.44
2018-06-04,8,0.14
2018-06-04,9,0.11
2018-06-04,10,0.09
2018-06-04,11,0.1
2018-06-04,12,0.1
2018-06-04,13,0.09
2018-06-04,14,0.11
2018-06-04,15,0.11
2018-06-04,16,0.11
2018-06-04,17,0.81
2018-06-04,18,0.3
2018-06-04,19,0.38
2018-06-04,20,0.28
2018-06-04,21,0.48
2018-06-04,22,0.21
2018-06-04,23,0.13
